0.0,0.0,0.0,-0.3695747094410999,-0.6852917770985159,-0.03330704426398799,-0.3005910162842652,-1.2080181305475974,-0.031547374286728797,-0.23560918025566865,-1.3665104921027877,-0.05133181141122398,-0.1423166408527925,-1.3462481355000253,-0.07669978838950757,-0.03317334686862788,-1.2278973147080892,-0.0934501239649926
0.0,0.0,0.0,-0.3719474946866172,-0.6818338575672492,-0.026237530811802377,-0.29771974402194873,-1.206304763860642,-0.028578570964479525,-0.23350554147243544,-1.358382486020106,-0.04814230057680838,-0.14156108781790228,-1.3461286194470148,-0.07239189228528281,-0.025316820273186432,-1.2419434382411112,-0.0893130577642925
0.0,0.0,0.0,-0.3720003428168007,-0.6986838768220066,-0.05991205956310132,-0.27776019244662387,-1.2307447837025114,-0.06366066178411825,-0.20241957135999147,-1.3573416378516114,-0.07338379619729207,-0.09978550357736096,-1.340776020981392,-0.08685315779910596,0.020727184049206416,-1.2169071502893059,-0.10125232685234023
0.0,0.0,0.0,-0.336835975221172,-0.7507363163594725,-0.06720920541271216,-0.22663444787101333,-1.2514752282281723,-0.07422907893997194,-0.13930421804776794,-1.3720021477154203,-0.0767346042680115,-0.03335014021495357,-1.3319677588245216,-0.09055843057826675,0.08006613208264327,-1.1763758451204562,-0.10516041626244721
0.0,0.0,0.0,-0.31155362761823796,-0.7886529208069638,-0.07787896716238284,-0.18282916588560744,-1.2758906063702116,-0.07946267749984301,-0.08256496277322929,-1.3731556202718906,-0.07930714403938041,0.015734699236647033,-1.3162009865433542,-0.08816083741145223,0.12063590168069009,-1.1494547923763858,-0.09823545272942096
0.0,0.0,0.0,-0.268888836258397,-0.8227436712915968,-0.0766262258659602,-0.12103422353946784,-1.2962242016949863,-0.08499724447704707,-0.009918748278620331,-1.378567140727895,-0.08490568571537467,0.09013050308334208,-1.3066446524289856,-0.09308456855209922,0.187253636286936,-1.1119977101084921,-0.10073506071973572
0.0,0.0,0.0,-0.23323982574053545,-0.8719031949923246,-0.07105920088733383,-0.06474080784989847,-1.3087787251371386,-0.07319665691191314,0.05443767925454734,-1.3700740893050127,-0.07697478694402494,0.1504404145267326,-1.2773197891534274,-0.08803426405759987,0.23029219820504476,-1.091789458342641,-0.09384488597138475
0.0,0.0,0.0,-0.2116907958886911,-0.8987119277366206,-0.05995863236627895,-0.038639456936383695,-1.3217754525779661,-0.0327755600112698,0.08470796924302326,-1.3640547615822347,-0.0341476027546287,0.17845892202509303,-1.2642448451197437,-0.05126823654273791,0.25364157669310655,-1.0760993492508106,-0.05757596476422554
0.0,0.0,0.0,-0.21223841005991068,-0.8846486187800878,-0.06988869507324777,-0.028569241678335047,-1.312531779288157,-0.07250893544758312,0.09709984157083333,-1.3672421527700942,-0.0747360979133503,0.19159188688624254,-1.2723915159384358,-0.09442219180190108,0.27445364750657186,-1.070557282139894,-0.10126611540833143
0.0,0.0,0.0,-0.2738919575077077,-0.8524600712418879,-0.09716286557105942,-0.17788517298687617,-1.2635925575142417,-0.08188509774109312,-0.08271899604028833,-1.3330728567424524,-0.0647572094678944,0.0320831503066427,-1.3049092457381886,-0.05773169875802237,0.14243493914454186,-1.1666173176854144,-0.061754140072218695
0.0,0.0,0.0,-0.8457080757864166,-1.2313536890932901,-0.08000416206461132,-0.7628478127934915,-1.0615761896422553,-0.12743727706745728,-0.6081895005330227,-1.0022070478609442,-0.13003764343205676,-0.349857107439569,-0.9394710975680293,-0.08595640865967247,-0.18106712890681878,-0.9858273968880419,-0.07249234996587553
0.0,0.0,0.0,-0.9420861029201874,-0.8262871297390862,-0.11191697421908092,-0.9106243470774296,-0.8164917872849876,-0.1460254699516363,-0.8148252500299341,-0.8535233550056108,-0.16599412977268077,-0.6697164667112929,-0.9696593512274295,-0.15246905574385683,-0.39011524494602684,-1.0510317185227678,-0.14344499587746387
0.0,0.0,0.0,-0.48188159007526454,-0.5586714065645544,0.023049927010105813,-0.49815211192176845,-1.1166867302970713,0.03262352321916911,-0.47427207752433426,-1.2779172964886196,0.0015424613576204037,-0.3763399534201677,-1.3298962642585608,-0.030704152635039894,-0.24904019640624928,-1.2679399027578373,-0.04945139875812617
0.0,0.0,0.0,-0.3957786104788159,-0.6413877094440333,0.018258526221200628,-0.3448414264232708,-1.1804424943108824,0.0411972380288594,-0.29935545776800493,-1.3490865789594868,0.013563175610325598,-0.2161676492560401,-1.3553545796224096,-0.01857571167052707,-0.09753383902894339,-1.2568815555739783,-0.031789503863007454
0.0,0.0,0.0,-0.3690892239735237,-0.6793580264912286,-0.02308011740091481,-0.29653143828482426,-1.21480661875062,-0.009197414857284932,-0.23952221249738548,-1.359088003072316,-0.022658626438828794,-0.1617782758767752,-1.3437750532554904,-0.0406654107096671,-0.05360004338326366,-1.2394950760296461,-0.05081564125627279
0.0,0.0,0.0,-0.36078590560058726,-0.6869096854801582,-0.016584100225031553,-0.27716160946430685,-1.2236648700189894,-0.015394509237548818,-0.22163680596044608,-1.3595762173515467,-0.029465078754951697,-0.1428424285928516,-1.3520555070262101,-0.04764891644872112,-0.028204651548293307,-1.2290616838165913,-0.06145290349478352
0.0,0.0,0.0,-0.3441662755799746,-0.7314151123745367,-0.029359156851396125,-0.24283013137205178,-1.2352291297013867,-0.029417771171451303,-0.17819549361029055,-1.3618438035633218,-0.038415727007117685,-0.09803324090405052,-1.3383551098815247,-0.05705728222947689,0.015301554506386886,-1.2124880821187496,-0.07276317330996536
0.0,0.0,0.0,-0.3203747291901874,-0.7551272457602435,-0.06097900171931063,-0.20979895147601685,-1.2555308560197704,-0.06745873050714196,-0.1333254701458931,-1.3634092141265488,-0.0733289299608423,-0.04051024889680571,-1.3347459143922498,-0.08455069025441159,0.06873317361921069,-1.1870029872154635,-0.09555060713822276
0.0,0.0,0.0,-0.31140981103621707,-0.7819829841798943,-0.05824133777043415,-0.2059002815487677,-1.2682371832880648,-0.06482717896195052,-0.1117846874490995,-1.3723639843245004,-0.06380428618283285,-0.014914975649336085,-1.321435921399754,-0.07152027919097553,0.09211378883546592,-1.161577815112365,-0.07990787459433445
0.0,0.0,0.0,-0.27078102915210783,-0.8384326668719889,-0.07151981894018374,-0.12835941140373774,-1.2874916091502528,-0.07450465977608121,-0.03699003217902632,-1.3735216949289364,-0.0671301894831896,0.04878982231963188,-1.3075870719635494,-0.06967401280526575,0.14445579136130157,-1.122257386297483,-0.07502667125128383
0.0,0.0,0.0,-0.22210202652083139,-0.8714152829018565,-0.06812680264194476,-0.06270436382632726,-1.2978814077433134,-0.07369449493078768,0.017929000444969555,-1.3702379345525397,-0.070275118438115,0.10058512149215769,-1.2867030785001736,-0.07458573376724416,0.18742268815280771,-1.113149187808081,-0.08111306256249032
0.0,0.0,0.0,-0.22100819620975545,-0.9028157531512,-0.06859471352415016,-0.0835472724719789,-1.310059367771958,-0.0655852399854691,0.012391143677573322,-1.358282459306344,-0.0625190104357571,0.10938167756686296,-1.272857947850896,-0.06712447732965,0.1902761764248454,-1.0958922509124454,-0.07101033916049344
0.0,0.0,0.0,-0.4983336603978797,-0.5392674778638424,-0.12250486128321082,-0.5089434225061413,-1.1963918534787126,-0.16465687133814935,-0.43549593123683517,-1.3057997182316776,-0.15365410670118318,-0.31148288294092913,-1.289928672501041,-0.13251262320464569,-0.13123678710923625,-1.212420253887509,-0.1298560556296598
0.0,0.0,0.0,-0.37784390906348886,-0.715414955098585,-0.028514888194261713,-0.3129023371555916,-1.2124314790272792,-0.012115739065990727,-0.262719907986858,-1.3087926431931518,-0.030285973968626034,-0.1885290012064742,-1.3309259445502668,-0.044386769404134364,-0.09281164340695613,-1.2539472840335453,-0.04046819386270703
0.0,0.0,0.0,-0.3597730187999124,-0.7060198184670272,-0.006639027453383374,-0.2887484137635785,-1.216731935241758,-0.0030973501101956187,-0.24760618287685737,-1.3543229943886745,-0.016510166089077655,-0.1670115307425601,-1.3413692292961426,-0.03415959239776569,-0.05869338940525209,-1.2257176875635394,-0.04677709553350871
0.0,0.0,0.0,-0.35970974222528096,-0.7227068924982915,-0.015788252693098567,-0.2840700559709929,-1.2195459336160783,-0.013271035446129373,-0.23947767072714005,-1.356310785178205,-0.030425896346795857,-0.15563456921327903,-1.33380363558645,-0.05235641720774742,-0.04035303032069777,-1.216393560743114,-0.06515071963987905
0.0,0.0,0.0,-0.35862281732302187,-0.7214180916810736,-0.006386411785084371,-0.2769076949804372,-1.21778380333577,-0.0045868978388173675,-0.22534286611571278,-1.3637214690631794,-0.02560623383172322,-0.14286756904768227,-1.3381963133466148,-0.052434412969058396,-0.037397465234363186,-1.2137797358717197,-0.06666486637095476
0.0,0.0,0.0,-0.3424137919149975,-0.7361495682148378,-0.012298210472601467,-0.2581652126148584,-1.227087383592764,-0.022760908790963385,-0.20005218536531505,-1.3624698017873142,-0.033110789100862306,-0.11967697621599152,-1.3338513870350788,-0.04895584461637966,-0.0052131837879220355,-1.2147439506942816,-0.060890884705858
0.0,0.0,0.0,-0.3230451720096139,-0.7719591064548486,-0.04564532504351515,-0.2222534526589045,-1.2444927363358358,-0.05799255783071959,-0.15446096650156715,-1.362942751968089,-0.06158425806645356,-0.07015913915439474,-1.324120275909384,-0.07044774268375383,0.04473502869330334,-1.1919434940511053,-0.0808540703316477
0.0,0.0,0.0,-0.2867996003198746,-0.7934015105205782,-0.062468551277510304,-0.18369982579068622,-1.2673869186004947,-0.06877668270880177,-0.10535318514552315,-1.37493162515017,-0.06737506674015732,-0.012809070495608034,-1.322940250414083,-0.07151732529833114,0.10324340630298144,-1.158781111525817,-0.07864322894749745
0.0,0.0,0.0,-0.2786340595321083,-0.8308805853026258,-0.05137887830888235,-0.15873714251897686,-1.274656375765542,-0.06049250040178998,-0.07969616558226704,-1.3728520684640566,-0.05751495918459487,0.008940350828806258,-1.3101034274708376,-0.05982714227541258,0.11402952684630739,-1.1407504053071464,-0.06625839250153541
0.0,0.0,0.0,-0.26486420815738193,-0.8506281100927443,-0.07155556314822265,-0.12690904026466718,-1.282809442763713,-0.07191659973466881,-0.04507016597250678,-1.3751815833711343,-0.06371315542750379,0.039499587066268924,-1.3027053371246076,-0.06510002911749474,0.13162801080614342,-1.1229393661949127,-0.07046389447700714
0.0,0.0,0.0,-0.2470654605848472,-0.8592275116034913,-0.0615516198604411,-0.0964755766706483,-1.2881498299956289,-0.07149569087255524,-0.010913504386774792,-1.377135211153017,-0.06617947932856984,0.07163781990447624,-1.2939459016830765,-0.06927865338982074,0.1523668210555188,-1.1208205787235768,-0.07419350267171541
0.0,0.0,0.0,-0.24461106888829962,-0.8880624468531653,-0.07993215378423196,-0.10506061604789817,-1.3065224767666166,-0.05749744010447392,-0.010294980140204399,-1.3663287104470883,-0.05881391879335979,0.08498144550143409,-1.2721952529750178,-0.06242201711857037,0.15905639896227255,-1.106502612007272,-0.054688874961950344
0.0,0.0,0.0,0.28364324549324726,-1.5202242544227866,-0.5493715920098649,0.2750501606191137,-1.2214123507010168,-0.580089691106579,0.37547360928901496,-0.9496619730617388,-0.43605931578227275,0.4311588466423843,-0.8062848297393079,-0.30014500568679836,0.504536764299982,-0.7263206753471958,-0.19806698363664288
0.0,0.0,0.0,-0.4309672860058344,-0.6018577843347872,-0.17320365871445803,-0.4593750962720889,-1.191713429918875,-0.20897381433663145,-0.41112744156178654,-1.3051708700607298,-0.21189908260889534,-0.3038947407333292,-1.285363983604242,-0.20562333247767317,-0.17613341055226617,-1.1925330592724277,-0.21320039850535494
0.0,0.0,0.0,-0.3623219898997269,-0.7037309450123698,-0.06825144804332875,-0.3023876077956688,-1.2177319140775797,-0.07137300210278591,-0.26658683170351705,-1.3550971345224676,-0.07582767261519165,-0.1655746034360318,-1.332133369011224,-0.0802955866819675,-0.061272912973688066,-1.2158680487492373,-0.0916900633391527
0.0,0.0,0.0,-0.32531899633509953,-0.7460309215603337,-0.013055236564641902,-0.2560899685713432,-1.2270125317591594,-0.019234151935720607,-0.2138551004820179,-1.364872377279573,-0.03212815508820956,-0.13776993741414006,-1.340049926505489,-0.05406992404788148,-0.041129747616378914,-1.1995807122674036,-0.06996814569622267
0.0,0.0,0.0,-0.3242544337543569,-0.750724400817585,0.009510707958626564,-0.2416559169256935,-1.235545746990319,0.008506993975486248,-0.20150751833469305,-1.359732951691677,-0.015116839195194453,-0.1324167096894416,-1.3390200466255096,-0.04477532696974016,-0.03318291059323495,-1.2001392337719494,-0.06279837848444214
0.0,0.0,0.0,-0.3212298874487683,-0.75031621920605,-0.030954413374757576,-0.23778068436632502,-1.2335162627837286,-0.04551862279076663,-0.18810970767452437,-1.3611147973400382,-0.05584535808568668,-0.11231549565774238,-1.3418161433253586,-0.071944332131877,-0.005222800755819412,-1.1995717612236119,-0.08456060821311795
0.0,0.0,0.0,-0.29194560217844745,-0.7830267039787289,-0.054518266253325204,-0.20217143176687075,-1.2555943534364291,-0.06594448327430623,-0.1324498651044149,-1.3655211518856158,-0.0714181978397289,-0.0447755723530787,-1.3252766060213228,-0.07917166119270995,0.06064602252690054,-1.1820700720169681,-0.08792034118373546
0.0,0.0,0.0,-0.26823111171334235,-0.8311682477591995,-0.05686125955405554,-0.1518374814953889,-1.2761603608034884,-0.06385378887129296,-0.07439542931299625,-1.3670128849977585,-0.0626802670108352,0.01955357231939857,-1.3080985202031548,-0.06628664095323161,0.12735217314455227,-1.1482508339293558,-0.07360270352911256
0.0,0.0,0.0,-0.20781335735450787,-0.8823523016955336,-0.07279761438922777,-0.06718412837515211,-1.3023641708426184,-0.08354953798376993,0.031757993083336454,-1.3682540488505006,-0.07517608032728705,0.12034095769172264,-1.28529688836324,-0.07664391444881641,0.2105360659560582,-1.096788229741054,-0.08364811299208069
0.0,0.0,0.0,-0.1622202503913766,-0.9236443310872271,-0.06328367342315801,0.004159541327212879,-1.3004857043794582,-0.06034394339080566,0.10306632779159672,-1.367916001534814,-0.05956198059241702,0.18362352270992308,-1.265731342631339,-0.0682891750661342,0.25214282468123145,-1.0729683901769749,-0.0682087936155597
0.0,0.0,0.0,-0.11381082505979294,-1.3932765788074042,-0.2079979379219736,0.14056993149485514,-1.3521456644089314,-0.23390371444049393,0.2135027937970583,-1.1586214677843747,-0.2574319593827188,0.32674295017911015,-0.9819756832457477,-0.20427703990564106,0.37276945641955345,-0.8549487459441151,-0.1610323907206101
0.0,0.0,0.0,-0.468969628644127,-0.9560071108682032,-0.16949529714675118,-0.6460018651493843,-1.3678787212931798,-0.3135310330858247,-0.4160092198448497,-0.6676633776529645,-0.33844501957475903,-0.5845295465686229,-1.1455002385801532,-0.2623771330918706,-0.5507538826908074,-1.0520502299392744,-0.22146137988770223
0.0,0.0,0.0,-0.3949038065834497,-0.6245511486632875,-0.057090143072983046,-0.38662010204429403,-1.19448255422175,-0.06947787627976812,-0.3563593181150152,-1.3445560877633416,-0.08095947264394221,-0.2668281666034678,-1.3321948198875058,-0.09341227811265933,-0.1457842475573181,-1.2331393944545523,-0.10622191793259876
0.0,0.0,0.0,-0.38179752861004573,-0.6790916923905519,-0.010190232665158436,-0.33243251541100377,-1.1993473532473993,-0.013462176855126053,-0.2900044545577782,-1.3501712328602498,-0.034565674005213515,-0.2032664690802566,-1.3426050528158753,-0.06062153459843788,-0.08953062645208767,-1.2299744586388814,-0.07617176848384491
0.0,0.0,0.0,-0.37143277109757056,-0.6895513000085268,-0.0029297860473326523,-0.292261554478486,-1.2094059169080351,-0.005509696889748462,-0.2496297318983494,-1.3631579345436233,-0.03176480770124304,-0.17113395411061727,-1.3445173511325466,-0.06261411846727176,-0.06590527532298063,-1.2251389505414723,-0.08032689552716982
0.0,0.0,0.0,-0.36950231561089636,-0.6987943870506492,0.0034935070445534307,-0.28761848128062323,-1.2151814967149428,-0.0002480379930237902,-0.24166301029543785,-1.356556937438815,-0.020878635659137834,-0.16643861076693262,-1.3415888565018061,-0.04635321812902137,-0.05510072262602056,-1.2272079783871772,-0.062325489325590525
0.0,0.0,0.0,-0.34334556901985314,-0.7265858291176204,-0.05778493360588334,-0.25320667323098883,-1.2361676448186096,-0.06908202492263536,-0.19718039025779727,-1.3624249683769598,-0.07237044868066057,-0.10881929474766369,-1.3277520339161624,-0.07815141102584867,0.011049731891339183,-1.2143803227283982,-0.08726734399862128
0.0,0.0,0.0,-0.32841437942378604,-0.7693463579950157,-0.0653848851540925,-0.21527129501853828,-1.2534687910901938,-0.06291972052797985,-0.14773161477738905,-1.3655239201023701,-0.06288914882870332,-0.060332293952094114,-1.3296581494447177,-0.06781201334253326,0.048162263030104666,-1.176485332210582,-0.07535009454268425
0.0,0.0,0.0,-0.2723142169087718,-0.8115280437220264,-0.07386053784969701,-0.15211056736801284,-1.2796783717166147,-0.08191094315557876,-0.0681353444500102,-1.379633909013612,-0.0781323299601352,0.018426281895783738,-1.3150947738733811,-0.07879202411845476,0.12076418166001479,-1.1388924310209385,-0.0850164407700436
0.0,0.0,0.0,-0.2053592271002406,-0.8664149767979752,-0.07571237743907373,-0.04810448622310353,-1.3110289695091768,-0.08000257199295237,0.05173948127012526,-1.373658325729284,-0.07158082125235243,0.12286394597183536,-1.286152525119529,-0.07225325582091359,0.1987598511446648,-1.101170185968162,-0.07533677238490344
0.0,0.0,0.0,-0.130600130788124,-0.9817438235762374,-0.13985361623479786,0.0600997788413966,-1.3167039604925235,-0.16510396805943436,0.15497745066764734,-1.3607158147472418,-0.14217185999314555,0.2537955654027236,-1.1977833573905075,-0.12911319048710954,0.3094611845335351,-1.0104167752698727,-0.1185124540740508
0.0,0.0,0.0,-0.4223454825313554,-0.8195719265276077,-0.1328919603528722,-0.514851499813757,-1.130940400720811,-0.19256667959489507,-0.48350606809070856,-1.1678330403088497,-0.2105734188531877,-0.3889627587032036,-1.204517227525041,-0.19945177568128325,-0.21593739517901522,-1.20961481153987,-0.21990222320384073
0.0,0.0,0.0,-0.36820148504929767,-0.6899161281166029,-0.030348052631189313,-0.3109181123847334,-1.197218837741486,-0.04108609914542294,-0.2766588852170959,-1.3605556885222594,-0.05495922296247543,-0.1897399813587942,-1.340843739807884,-0.06990120550329888,-0.07292079792857145,-1.2293067346926752,-0.08333536158853296
0.0,0.0,0.0,-0.36358068435044955,-0.7210096324218934,0.025290117713894812,-0.3005576274683079,-1.2021507812798138,0.028888455930652507,-0.2514239015050543,-1.3561036454417903,-0.005781225006982236,-0.17017785076016695,-1.3369315327770748,-0.043661898971510425,-0.062184708543977604,-1.2217179425897835,-0.06391827149322718
0.0,0.0,0.0,-0.3734588605470687,-0.71003767219177,0.008516929270402894,-0.3094988023458682,-1.2092417596283103,0.010716004926605353,-0.2547418415408491,-1.356627296693401,-0.023677440285398095,-0.1704003765327607,-1.337371894953276,-0.05674906033845287,-0.055759858918219905,-1.2160288143013671,-0.07323399867173132
0.0,0.0,0.0,-0.34614030156227876,-0.7483665688968909,-0.0629430909350197,-0.2747867116273323,-1.2257180632208,-0.07205078598832967,-0.2036643818527658,-1.3585939163665652,-0.076560515262512,-0.11125677567280158,-1.3286736962367693,-0.0825518873244362,0.006401203030150382,-1.1997315469181529,-0.08935834554345343
0.0,0.0,0.0,-0.30051947433569226,-0.8041967122547717,-0.06141255921407292,-0.21629008942959826,-1.2589684420068135,-0.05739754149675649,-0.12815907834305296,-1.3658233243112088,-0.05905296851570748,-0.037610801122598854,-1.3218660686962063,-0.06664757150685023,0.07258173470388395,-1.1587642501448288,-0.0744410403465389
0.0,0.0,0.0,-0.2247180608241333,-0.8471706556260687,-0.06517359888904552,-0.13189469385500385,-1.2961755810354207,-0.07016496152499954,-0.032231892763715526,-1.3751546365167853,-0.06641981186312708,0.06406463413125353,-1.29980865203316,-0.069245407623705,0.15694144396514312,-1.1228213322755725,-0.07156366150114461
0.0,0.0,0.0,-0.15858316071936232,-0.9127979591168839,-0.09186822755581024,-0.006150278361729509,-1.3174963715348744,-0.08938299398567968,0.09959223155472707,-1.3735926313830211,-0.08272814801763023,0.17896531782634975,-1.2575016050418755,-0.0827619861172008,0.2385960946919556,-1.0668327744431532,-0.07703369804149113
0.0,0.0,0.0,-0.1413355270779256,-1.1601747729359015,-0.17957770502982054,0.06027675248360383,-1.3317325360237693,-0.1867630927170646,0.1634392100505785,-1.3155491465748659,-0.2261087014861203,0.24785186010312038,-1.0744087730767817,-0.22842260632507957,0.3129515153811535,-0.930737538908349,-0.19218111324780304
0.0,0.0,0.0,0.14907468012786818,-0.38087914340440016,-1.0313798524757176,0.6522310140075851,0.29880490934683296,-1.2127960214054503,0.6777334100944251,0.5229758107461815,-1.0068699026569172,0.7193524549784889,0.5014239941917213,-0.7196387317189344,0.7340946273122511,0.45966538905193594,-0.5489130864375011
0.0,0.0,0.0,-0.49290010038326304,-0.8046373225323861,-0.2570400560240875,-0.5730632715399003,-0.7975713201022326,-0.44085312527266374,-0.5233977801823867,-1.0399053057839602,-0.47361220164739704,-0.42480719763064856,-1.1115608433623083,-0.5025829803172253,-0.26119093773030794,-1.2253797276676086,-0.6177179196779776
0.0,0.0,0.0,-0.374964583854378,-0.6862233764751526,-0.0888422387955608,-0.33671906483707204,-1.208146806520273,-0.10097845683895057,-0.309405749816172,-1.3515044726923522,-0.11113149680115579,-0.21217291294172697,-1.3204674973924766,-0.11792542883580036,-0.09454792636738399,-1.2107657577728876,-0.1284316505008075
0.0,0.0,0.0,-0.3387895036658954,-0.7211318795323748,-0.023034375366761374,-0.29787101679932765,-1.2173900161870015,-0.034621607330796667,-0.2555856736613521,-1.360222647883381,-0.054283389430562184,-0.17817677437994606,-1.3375271187730045,-0.07808324836000231,-0.07173501700381188,-1.206693572405437,-0.09366075586819288
0.0,0.0,0.0,-0.34331721764882467,-0.7061138197389859,-0.03332998650783409,-0.29185944984745743,-1.2270645042744688,-0.04866852632749405,-0.24595607933752986,-1.3649967916959092,-0.06459181051856866,-0.16976974538169384,-1.3398323987449674,-0.08376217734271278,-0.06459298333070577,-1.204551066491254,-0.09833653694714645
0.0,0.0,0.0,-0.3505404289635386,-0.7270454928268587,-0.04723081847321017,-0.2826543597628191,-1.2258618932057892,-0.06233484476594545,-0.2288755454048462,-1.3602501558752753,-0.07233018635840131,-0.14754894819231262,-1.3351179053158608,-0.08449248863199346,-0.02998978673650302,-1.2003741670522554,-0.0980207037750697
0.0,0.0,0.0,-0.3283276674316388,-0.7527192070625374,-0.06904650903773764,-0.24467568888071195,-1.2528793260694229,-0.07941503850680492,-0.1824815969436786,-1.3631570968775504,-0.0808247078849002,-0.08965897005124977,-1.323254119739185,-0.08271176470488578,0.027357795754998998,-1.1865496147638799,-0.0906680443698714
0.0,0.0,0.0,-0.28554128885325547,-0.8125442564293678,-0.06708358035736779,-0.17710796563153525,-1.2799146416504787,-0.071627496872454,-0.09501001191491312,-1.3640538500413735,-0.07080727927052977,-0.006688219098912586,-1.3152982022921562,-0.07138051687403267,0.09951279702964663,-1.148748157237764,-0.07671988562346785
0.0,0.0,0.0,-0.21906811693476677,-0.856026721105906,-0.06500090120897124,-0.08603294510104849,-1.3030256442924288,-0.07531754874170081,0.010111144613378505,-1.376702149956867,-0.07095804239031842,0.10166059003242171,-1.2945448896694531,-0.07369211462962748,0.18952200988906212,-1.108058909739155,-0.07693575892493232
0.0,0.0,0.0,-0.188866476665398,-0.8849905822229559,-0.07626246258013557,-0.03468167808441927,-1.3047026051411703,-0.07790737213826616,0.06326925103307181,-1.3711907496713664,-0.07644202585480045,0.15197375863161863,-1.2824525536533,-0.08573573111983601,0.2269889719600973,-1.088710053133578,-0.08468973443387318
0.0,0.0,0.0,-0.14352412665902473,-0.919216640673105,-0.09921931864680125,0.009214882656217489,-1.3234554999649866,-0.09969544424322627,0.12056594768138719,-1.378969218639631,-0.0895121759917663,0.2172234062659846,-1.2526793537116305,-0.09111393888000822,0.2877206313561424,-1.0323745609498018,-0.08863680120817012
0.0,0.0,0.0,0.18149101847440316,-0.5159462319181763,-0.9458897037183216,0.50264704829376,0.26990387180046693,-1.0747664053662431,0.592450420078242,0.6423526587177916,-0.9191743155944997,0.636455642481726,0.7397802987349916,-0.7221333274186388,0.6680918778079021,0.7788533300757909,-0.6379506891666444
0.0,0.0,0.0,-0.6895326022856328,-0.9144489056457084,-0.12042870790822278,-0.775104810192827,-1.0418558439274315,-0.26271666191070814,-0.7066360445977855,-1.0807717643756594,-0.25047694581643914,-0.5745552597252968,-1.008203979902742,-0.26530125313975583,-0.35747751608644573,-0.9081502436245567,-0.2888488818092825
0.0,0.0,0.0,-0.40474853965553137,-0.7361575343770005,-0.07308903405001896,-0.3931462356981863,-1.190464884070269,-0.087456914897317,-0.3576433772077826,-1.3124739418538265,-0.0931248425616879,-0.2570083880332116,-1.2955271972788265,-0.09880301492043271,-0.13526274875738617,-1.1986002680183125,-0.11845005170975942
0.0,0.0,0.0,-0.38553937125118926,-0.6975255131665666,-0.015151807554863226,-0.34521343538124183,-1.2031254831995863,-0.02195326267325591,-0.29553414636820685,-1.3539331074204106,-0.05185905702541223,-0.20263741284177592,-1.323701964798911,-0.0811889942862902,-0.09603707722849528,-1.2146955051692956,-0.10075363056356514
0.0,0.0,0.0,-0.37959294624017226,-0.6871768908813196,-0.021614978835418058,-0.31908711458483063,-1.2139518869326067,-0.035966930938173554,-0.26226957520177285,-1.3596211289814857,-0.0629755942112631,-0.17329952583306732,-1.3348865600980742,-0.08927761577326876,-0.0727177860495116,-1.2169756667874174,-0.10647357526934075
0.0,0.0,0.0,-0.3783025934374847,-0.6991907923548352,-0.049506247115334835,-0.30581154703170993,-1.2218045593857134,-0.0633695299207537,-0.2359409556494629,-1.3576469903801847,-0.07452214262940252,-0.14614002283354136,-1.3342516011935635,-0.09148416227585288,-0.03530295259940437,-1.2120740451441918,-0.10406167872128215
0.0,0.0,0.0,-0.34993653293271904,-0.7399046346589454,-0.06357873674547165,-0.2728414202285695,-1.23834944607391,-0.0773116987869207,-0.19394041420015656,-1.3613188334370074,-0.08106506998198341,-0.0901382633224608,-1.3290364678146271,-0.08880016137040682,0.026970993980475352,-1.1917860859999376,-0.09843484650522424
0.0,0.0,0.0,-0.33343729554086676,-0.788858345758149,-0.05370543087331815,-0.23015865125370633,-1.2630721575428807,-0.054870202388469895,-0.13250210133184256,-1.3630844098557533,-0.058335881478753834,-0.03018300138302047,-1.3229798903901409,-0.06708906144380251,0.06716789841160278,-1.1569127248838644,-0.07153653123410356
0.0,0.0,0.0,-0.2615589296840567,-0.845229886074235,-0.06193758853138298,-0.13028401545938542,-1.2877790987986368,-0.07030825504290175,-0.012331341599849477,-1.3686479413513835,-0.07209092682490462,0.09298162134958102,-1.2985801980588163,-0.07992544092023188,0.17167290836720875,-1.1257078178359097,-0.08434663923691481
0.0,0.0,0.0,-0.22947415311306096,-0.8505507570052352,-0.07374064203032345,-0.0830270943367312,-1.300135737919728,-0.07473825883838939,0.024813231303557476,-1.3803436014653518,-0.07764441624895159,0.12332730550710376,-1.29609983751245,-0.09075426749448011,0.19915317846735245,-1.1013039000409708,-0.0947424049822219
0.0,0.0,0.0,-0.21569065876111254,-1.2240876818712125,-0.2153439322678736,-0.02358528382897364,-1.4189190283010158,-0.2063092217044712,0.09141225274885706,-1.2601473724878416,-0.23046741990584296,0.20568600064625622,-1.047919801843698,-0.19453748969408363,0.2884272051638179,-0.8761659175719304,-0.15107667902178862
0.0,0.0,0.0,-0.4565874603632227,-0.783729443819959,-0.1577831562870863,-0.4880650579911975,-1.2586048526901097,-0.15356385802955497,-0.45164308025084715,-1.2984920684483638,-0.12781155563709606,-0.35795507333820964,-1.1954176723278904,-0.1086878957974914,-0.21740244031505163,-1.0595075859341547,-0.11242565310406138
0.0,0.0,0.0,-0.371088217695033,-0.687010603807403,-0.08331113212720563,-0.33863970467330695,-1.2227319725830383,-0.10057649431815299,-0.30238162410956304,-1.3612993379548206,-0.12164014355933317,-0.2285672458009697,-1.3338978981043237,-0.13797384279767308,-0.12529601774211976,-1.1653998474344072,-0.15155974049084645
0.0,0.0,0.0,-0.36046745742464525,-0.7123766165195233,-0.02212761434849676,-0.30861058686174725,-1.2086456924541096,-0.030467678657171673,-0.2708112553596,-1.3617872787333514,-0.05608097597562407,-0.19091784404405615,-1.338486920468627,-0.08539148425235872,-0.08964266113938044,-1.2013719404966068,-0.10408828662558531
0.0,0.0,0.0,-0.3557494794574169,-0.7167283436867538,-0.03608837676955647,-0.29191486837709696,-1.2199205957208359,-0.0547504648865098,-0.24130190204922697,-1.3604046079014744,-0.07374641325009403,-0.16192116319234898,-1.342322631369084,-0.09436558185016636,-0.059245695796968034,-1.1982954080515207,-0.10701420621954764
0.0,0.0,0.0,-0.3379804178048954,-0.7300396661076078,-0.044025106540859414,-0.2690649622916918,-1.2296204127525954,-0.062220051268120635,-0.20553282291763544,-1.3629723084855743,-0.07280666463689,-0.12384587501987794,-1.3455931626279374,-0.08824091675823292,-0.018026383321165004,-1.1954631424661062,-0.09792216439569
0.0,0.0,0.0,-0.3346894802729881,-0.758785100825674,-0.059010012236306655,-0.2565400756164954,-1.2397261270519777,-0.07190382711637501,-0.18497715678898946,-1.3643458252076013,-0.07599006677815047,-0.09593706028657548,-1.3283388585496956,-0.08606771606172793,0.014214176799189671,-1.1830145607125926,-0.09677012767143481
0.0,0.0,0.0,-0.2958035393782974,-0.8077259719829487,-0.05918242665539679,-0.19568246251317323,-1.2639694033646396,-0.06923031699494585,-0.11268933518781891,-1.3677140009727384,-0.07083292523952889,-0.02110754830750124,-1.3174281110230643,-0.07567247377910147,0.08254715554160358,-1.1570360457907602,-0.08291914242194293
0.0,0.0,0.0,-0.2708930236542458,-0.8376447526994734,-0.06433190689120301,-0.14406048189544293,-1.2855169671286755,-0.07809298018563121,-0.05194619966506327,-1.37388923597277,-0.0792546378348216,0.04015605430109462,-1.305752482992974,-0.08809132828922708,0.12590330738044883,-1.1239038838970468,-0.09461647687336719
0.0,0.0,0.0,-0.2585690547501824,-0.8410351639015993,-0.07027593316564214,-0.13027753605970357,-1.2803404376442562,-0.07483455925242248,-0.03307061406635444,-1.375787261652875,-0.08449157125098182,0.05649204150194354,-1.3062049042538704,-0.10077821960039327,0.15683378550793764,-1.1222101817863441,-0.10646843071039123
0.0,0.0,0.0,-0.24269946002331247,-0.8674889243299515,-0.057276788309577234,-0.1171032787987007,-1.2855282842191325,-0.06247854515622991,-0.016785757461154446,-1.374703350177605,-0.07597437918025804,0.0782125918039602,-1.2923711539964298,-0.09264123692885531,0.16119335513962857,-1.1140044367789284,-0.10034337500340741
0.0,0.0,0.0,-0.27730454299327384,-1.4161922712716768,-0.521948968598317,-0.09972871322920093,-1.2491537435971967,-0.4930922047322442,0.030946610360673216,-1.1095711642762693,-0.4338939410474534,0.17029897730996524,-0.9116349240626884,-0.3332864947035765,0.2853873172073077,-0.8604267696508682,-0.2542605212896894
0.0,0.0,0.0,-0.4919595776451296,-0.6430422947176542,-0.23485581155649282,-0.5512053828919772,-1.1007189012784322,-0.2725968048687169,-0.5644863626062052,-1.1084823662010865,-0.29405203577408134,-0.5059328119195339,-1.259260704316738,-0.2794861985421468,-0.30679863642424576,-1.1591364761881782,-0.2845154224389323
0.0,0.0,0.0,-0.3868968234026433,-0.678857835649466,-0.072245884622693,-0.36588508792202523,-1.20879728155027,-0.08913384958210055,-0.3294448896186897,-1.3328678794953248,-0.09835434692851822,-0.2258809439353078,-1.3221064494492438,-0.1045638868715211,-0.10469231823683241,-1.2174205145706287,-0.11558959222236925
0.0,0.0,0.0,-0.38984402881433344,-0.6812965151193341,-0.025012426261136214,-0.34993440347885707,-1.1898316728594256,-0.0404991151994274,-0.3113792745224057,-1.3505556583216476,-0.06221182680173055,-0.21824745520244215,-1.3335333039187236,-0.08363095912029003,-0.10140683857823787,-1.2243374653070263,-0.09919036280220601
