0.337439626455307,0.9318329691886902,-3.7355940207817184e-07,0.27835536003112793,0.6099388003349304,-0.02697613835334778,0.30551108717918396,0.7393666505813599,-0.05649368837475777,0.30618956685066223,0.7499032020568848,-0.04842698574066162,0.3226773142814636,0.772018551826477,-0.045949842780828476,0.3291546106338501,0.7916859984397888,-0.058647673577070236
0.32692405581474304,0.9408307075500488,-2.1011122441905172e-07,0.2811413109302521,0.6377851963043213,-0.011501646600663662,0.29953205585479736,0.7219738364219666,-0.034473225474357605,0.30733251571655273,0.7443296909332275,-0.03381083905696869,0.32455334067344666,0.7622507810592651,-0.030420515686273575,0.33300283551216125,0.7705860733985901,-0.04220482334494591
0.3380142152309418,0.9394673705101013,-1.965619986776801e-07,0.279643177986145,0.6368230581283569,-0.013602152466773987,0.3002976179122925,0.724287211894989,-0.03664582595229149,0.3093987703323364,0.7552050352096558,-0.03577234223484993,0.32538580894470215,0.7769186496734619,-0.032144635915756226,0.33097222447395325,0.7790364027023315,-0.04466741159558296
0.33910486102104187,0.9482028484344482,-7.83763738354537e-08,0.27718567848205566,0.6652328968048096,-0.0013530685100704432,0.29042956233024597,0.6556596159934998,-0.01935409940779209,0.31183403730392456,0.7506085634231567,-0.02616814523935318,0.3312758207321167,0.7746772766113281,-0.029479412361979485,0.33488592505455017,0.7800115942955017,-0.04326925426721573
0.3492910861968994,0.9597159028053284,-2.7148769277118845e-07,0.27812883257865906,0.6470353007316589,-0.003188209841027856,0.30938586592674255,0.7400140762329102,-0.027307365089654922,0.31264546513557434,0.755048394203186,-0.024104561656713486,0.32785868644714355,0.778027355670929,-0.02674613520503044,0.33142751455307007,0.7880730032920837,-0.04080178588628769
0.3525868356227875,0.9488623142242432,-3.0564618214157235e-07,0.27899256348609924,0.6197342872619629,-0.0018554074922576547,0.3057142496109009,0.744218111038208,-0.02845754474401474,0.3095034956932068,0.7568745613098145,-0.028649238869547844,0.32665854692459106,0.7805660963058472,-0.029782358556985855,0.3293488025665283,0.7842240929603577,-0.047068893909454346
0.35579434037208557,0.9458727240562439,-2.543814332511829e-07,0.2802770137786865,0.6144288182258606,-0.00044913709280081093,0.30822253227233887,0.7214464545249939,-0.02544848620891571,0.313264936208725,0.7537911534309387,-0.024709509685635567,0.3304606080055237,0.7785807251930237,-0.02803417481482029,0.33493655920028687,0.781050980091095,-0.0434076301753521
0.3494276702404022,0.9526004791259766,-3.421262704250694e-07,0.27806389331817627,0.6293204426765442,0.005021768622100353,0.30313095450401306,0.7407633066177368,-0.016215834766626358,0.3080550730228424,0.7558914422988892,-0.017074961215257645,0.3247006833553314,0.7790098190307617,-0.022678013890981674,0.3296498954296112,0.7872323393821716,-0.04013986885547638
0.35215991735458374,0.9539355039596558,-2.7627501708593627e-07,0.2756195664405823,0.6589773893356323,-0.001001645578071475,0.30484434962272644,0.7471688985824585,-0.0250917486846447,0.30833131074905396,0.7563377618789673,-0.01814933493733406,0.3253976106643677,0.7772194743156433,-0.020311297848820686,0.3305288851261139,0.7815738916397095,-0.0342259481549263
0.35277578234672546,0.9537080526351929,-2.441703088607028e-07,0.2726861536502838,0.6502282023429871,-0.0049270992167294025,0.30283230543136597,0.738230288028717,-0.027913538739085197,0.30752187967300415,0.7528315186500549,-0.02118699625134468,0.3243807852268219,0.7719925045967102,-0.020364709198474884,0.3287748694419861,0.7785688638687134,-0.0314897783100605
0.34463241696357727,0.9571691155433655,-3.13645301730503e-07,0.2659100294113159,0.6769782304763794,0.010345492511987686,0.29903069138526917,0.7425509691238403,-0.016220826655626297,0.3022051453590393,0.7530971169471741,-0.013370636850595474,0.31682008504867554,0.7716910243034363,-0.01781350187957287,0.32168081402778625,0.7847204208374023,-0.03397786244750023
0.34068551659584045,0.957302987575531,-2.4795099307084456e-07,0.2540350556373596,0.690091073513031,-0.007712062448263168,0.28880515694618225,0.7487804293632507,-0.028869111090898514,0.2923749089241028,0.7531992197036743,-0.015379765070974827,0.30691489577293396,0.7653375267982483,-0.014876279048621655,0.3131563365459442,0.7773261666297913,-0.027092844247817993
0.3308539092540741,0.944204568862915,-2.7074398190052307e-07,0.23720982670783997,0.6926063299179077,-0.0014415490441024303,0.2823513448238373,0.7375322580337524,-0.025513187050819397,0.28507912158966064,0.7428475022315979,-0.017813965678215027,0.29498791694641113,0.7530717253684998,-0.01724434085190296,0.29892098903656006,0.764529824256897,-0.028132934123277664
0.328490287065506,0.9358122944831848,-2.792232010051521e-07,0.23494501411914825,0.6810990571975708,-0.00373602076433599,0.27352067828178406,0.7376423478126526,-0.027266280725598335,0.27609333395957947,0.7371323108673096,-0.013956606388092041,0.2828488051891327,0.7409650087356567,-0.011294923722743988,0.28607290983200073,0.7574144005775452,-0.020110247656702995
0.32341039180755615,0.9218661189079285,-2.820349038756831e-07,0.23136404156684875,0.6770796179771423,-0.0043013193644583225,0.26615825295448303,0.7323406934738159,-0.026568084955215454,0.268468976020813,0.7335172295570374,-0.014821421355009079,0.2759254574775696,0.7380045652389526,-0.011876359581947327,0.27945026755332947,0.7504540085792542,-0.020887237042188644
0.3252476751804352,0.9186805486679077,-3.179679595177731e-07,0.23809681832790375,0.6726474761962891,-0.004208145663142204,0.26566624641418457,0.7390974760055542,-0.028397710993885994,0.27006906270980835,0.7369924783706665,-0.013358315452933311,0.2758626639842987,0.7360188364982605,-0.010422873310744762,0.27761733531951904,0.7470766305923462,-0.01883806101977825
0.3375271260738373,0.9463475942611694,-3.955824467993807e-07,0.2518523335456848,0.6929091811180115,0.0013699807459488511,0.2935057282447815,0.7544550895690918,-0.025863809511065483,0.2932179868221283,0.7495940923690796,-0.012786459177732468,0.3009639382362366,0.7483809590339661,-0.01230055745691061,0.3035529553890228,0.7522962689399719,-0.02109491266310215
0.3506333827972412,0.9791670441627502,-3.5138282328261994e-07,0.2660040557384491,0.70433509349823,-0.006215616595000029,0.30518999695777893,0.7612523436546326,-0.03276677802205086,0.3066056966781616,0.7617552280426025,-0.02126171626150608,0.3153507709503174,0.7646152377128601,-0.01632552035152912,0.32522711157798767,0.7755247950553894,-0.026436300948262215
0.35830748081207275,1.0158830881118774,-1.6468916896883457e-07,0.2920020818710327,0.703806459903717,-0.05145728960633278,0.3005206286907196,0.7810890078544617,-0.07798301428556442,0.3107689619064331,0.807617723941803,-0.06894447654485703,0.33299532532691956,0.8301496505737305,-0.04835313558578491,0.35857462882995605,0.8485008478164673,-0.04638030752539635
0.6721401810646057,0.6763717532157898,-1.0005247759181657e-06,0.5289913415908813,0.42543551325798035,-0.12158768624067307,0.5489939451217651,0.4659198820590973,-0.11875872313976288,0.599968671798706,0.4907265603542328,-0.07826898992061615,0.6458595991134644,0.5134156346321106,-0.05309069901704788,0.6837865114212036,0.5166334509849548,-0.058459796011447906
0.6875028014183044,0.6532828211784363,-6.699214054606273e-07,0.553230881690979,0.41462552547454834,-0.11392693966627121,0.5681803822517395,0.44443798065185547,-0.10946043580770493,0.6163509488105774,0.4590475559234619,-0.06526107341051102,0.6608219146728516,0.4804866909980774,-0.0403616763651371,0.7011507153511047,0.49605414271354675,-0.050301097333431244
0.6856495141983032,0.6588663458824158,-7.342458729908685e-07,0.5626837015151978,0.4285427927970886,-0.11006396263837814,0.5737833380699158,0.45844921469688416,-0.1090632826089859,0.615769624710083,0.47923290729522705,-0.06276071816682816,0.659397304058075,0.49992862343788147,-0.041743695735931396,0.6967068910598755,0.5267704129219055,-0.05014953762292862
0.6736776232719421,0.6631631851196289,-6.597389869966719e-07,0.5580891966819763,0.45370784401893616,-0.12660323083400726,0.5664533972740173,0.4635731875896454,-0.12140985578298569,0.6082847118377686,0.4904986023902893,-0.07480443269014359,0.652107298374176,0.5212301015853882,-0.047785643488168716,0.6935199499130249,0.5570311546325684,-0.05512823164463043
0.6695676445960999,0.6612521409988403,-6.724961281179276e-07,0.5645357966423035,0.4856766164302826,-0.12240429222583771,0.5685855746269226,0.4865114986896515,-0.12232808023691177,0.6135350465774536,0.5147157311439514,-0.08010014146566391,0.6559532880783081,0.5405705571174622,-0.05561237409710884,0.6942015290260315,0.5676752924919128,-0.06169021874666214
0.6491954326629639,0.6580618023872375,-5.61806643872842e-07,0.5398389101028442,0.5023182034492493,-0.12038596719503403,0.5471253395080566,0.490516722202301,-0.12611904740333557,0.5932753086090088,0.5111495852470398,-0.08082816749811172,0.6345712542533875,0.5318892002105713,-0.050107140094041824,0.6723315715789795,0.5552186369895935,-0.05942850187420845
0.6290152668952942,0.6558022499084473,-6.471839810728852e-07,0.528331995010376,0.5077251195907593,-0.11494486033916473,0.5263478755950928,0.49251800775527954,-0.11359012126922607,0.5698920488357544,0.5105569958686829,-0.07332894951105118,0.6156104207038879,0.5317918062210083,-0.048516951501369476,0.6524987816810608,0.5512164235115051,-0.054476719349622726
0.6256998777389526,0.6565117835998535,-6.846144060546067e-07,0.5159947872161865,0.49519583582878113,-0.11365319788455963,0.5167263150215149,0.49596452713012695,-0.10700664669275284,0.5603101253509521,0.5151844024658203,-0.07141165435314178,0.6070860028266907,0.5334270000457764,-0.04905916750431061,0.6401582360267639,0.5515695214271545,-0.05498161166906357
0.6269829273223877,0.6619170904159546,-6.658742677245755e-07,0.5169521570205688,0.5004858374595642,-0.10871759802103043,0.5173157453536987,0.4965589940547943,-0.10636579245328903,0.5619145631790161,0.5177688002586365,-0.06868056952953339,0.6048462390899658,0.5368368029594421,-0.04678957164287567,0.6412609815597534,0.562319815158844,-0.05583348870277405
0.6234642863273621,0.6730270981788635,-6.740262392668228e-07,0.5256004333496094,0.5085808634757996,-0.11016568541526794,0.5202370285987854,0.5041661262512207,-0.11435306817293167,0.562656581401825,0.5212924480438232,-0.07063696533441544,0.6045771837234497,0.5407811403274536,-0.05022909492254257,0.6396900415420532,0.576468288898468,-0.05925506725907326
0.6264060139656067,0.6782110929489136,-6.487080099759623e-07,0.5319295525550842,0.5193909406661987,-0.11455704271793365,0.5268648862838745,0.5140789151191711,-0.12039783596992493,0.5664446353912354,0.5338446497917175,-0.07424459606409073,0.6063767671585083,0.5539801716804504,-0.051530081778764725,0.6387292146682739,0.5851070880889893,-0.05963018909096718
0.6288101673126221,0.6847791075706482,-6.555728191415255e-07,0.5403984785079956,0.5231968760490417,-0.11241961270570755,0.5335014462471008,0.5208055377006531,-0.11749521642923355,0.5769138932228088,0.5404701232910156,-0.07362817972898483,0.6170468926429749,0.5657033920288086,-0.05229145288467407,0.649235188961029,0.5919181704521179,-0.058878012001514435
0.6374407410621643,0.6886290311813354,-6.667742127319798e-07,0.5558618307113647,0.5209777355194092,-0.11118732392787933,0.54501873254776,0.521852970123291,-0.12128687649965286,0.5887896418571472,0.5393723845481873,-0.07299661636352539,0.6277814507484436,0.5618740916252136,-0.05048803240060806,0.6576196551322937,0.5939412117004395,-0.058134835213422775
0.6444116830825806,0.6850717663764954,-6.711252353852615e-07,0.5700680613517761,0.5175917744636536,-0.1142478734254837,0.5548648834228516,0.5233353972434998,-0.11983425915241241,0.5948621034622192,0.5391654372215271,-0.07636186480522156,0.6318643093109131,0.5578778386116028,-0.051858048886060715,0.6654882431030273,0.587705671787262,-0.061768580228090286
0.6477712988853455,0.6841585040092468,-6.387392659235047e-07,0.5752670764923096,0.5162033438682556,-0.12213766574859619,0.5634286403656006,0.5228533148765564,-0.13008445501327515,0.6064295768737793,0.5426803827285767,-0.08256866782903671,0.6429350972175598,0.5634058713912964,-0.0558207668364048,0.6765518188476562,0.5893611311912537,-0.06663662940263748
0.6529430150985718,0.6875555515289307,-6.333243618428241e-07,0.5777338743209839,0.5182130932807922,-0.1221165880560875,0.5647017359733582,0.5184319615364075,-0.12905742228031158,0.6067107319831848,0.5404995083808899,-0.08262410014867783,0.6434755921363831,0.565525472164154,-0.05820722132921219,0.6735933423042297,0.5937747955322266,-0.06797132641077042
0.6528274416923523,0.6897541880607605,-6.372892471517844e-07,0.5819540023803711,0.521998405456543,-0.12265702337026596,0.5665421485900879,0.5298879146575928,-0.12911808490753174,0.6108914613723755,0.5504837036132812,-0.08291386067867279,0.6488606929779053,0.5764582753181458,-0.058071546256542206,0.6795806884765625,0.6024481654167175,-0.06758295744657516
0.6542553305625916,0.6922491192817688,-6.435328145926178e-07,0.5768922567367554,0.5273638963699341,-0.12439107894897461,0.565413773059845,0.5312421321868896,-0.13045746088027954,0.6086093783378601,0.5499335527420044,-0.08489955961704254,0.6470719575881958,0.5752436518669128,-0.0614100880920887,0.6782634854316711,0.605404794216156,-0.06906916946172714
0.6547706723213196,0.6917495727539062,-6.794871865167806e-07,0.5806381702423096,0.5274339914321899,-0.1157260611653328,0.5650209784507751,0.537102222442627,-0.12278050929307938,0.6088939905166626,0.5556493997573853,-0.07814229279756546,0.6459126472473145,0.5788431763648987,-0.05615542083978653,0.6757928133010864,0.6071399450302124,-0.06443715840578079
0.6557519435882568,0.6930637955665588,-6.690281111332297e-07,0.5830416083335876,0.5270178914070129,-0.1141538992524147,0.5649436116218567,0.5345838069915771,-0.12237249314785004,0.6110861301422119,0.5549032688140869,-0.07789450138807297,0.6489579081535339,0.577178418636322,-0.05476755648851395,0.6799730658531189,0.6044986844062805,-0.06487811356782913
0.6572884321212769,0.6943168640136719,-6.641760705861088e-07,0.5847750306129456,0.5288527607917786,-0.11793927103281021,0.56703782081604,0.5350398421287537,-0.12589311599731445,0.6120080351829529,0.5556252598762512,-0.08040352910757065,0.650311291217804,0.5763570070266724,-0.05832313746213913,0.6805166602134705,0.6046651005744934,-0.06780040264129639
0.658271312713623,0.6973868608474731,-6.474243150478287e-07,0.5825770497322083,0.5326715707778931,-0.12130740284919739,0.5684554576873779,0.5356174111366272,-0.12903635203838348,0.6148077249526978,0.5608835220336914,-0.08261626213788986,0.6535730361938477,0.5860618352890015,-0.05866806209087372,0.6841429471969604,0.6126739382743835,-0.0674106776714325
0.658016562461853,0.698745608329773,-6.700593075947836e-07,0.5825889110565186,0.5360919833183289,-0.11926927417516708,0.5699611902236938,0.5428509712219238,-0.12730757892131805,0.615429162979126,0.5624587535858154,-0.0805954784154892,0.6529855728149414,0.5849535465240479,-0.057249151170253754,0.6815859079360962,0.6119356751441956,-0.06639336794614792
0.660247802734375,0.6988860368728638,-6.779461045880453e-07,0.5825005173683167,0.5386033654212952,-0.11599057167768478,0.5720157027244568,0.5480058789253235,-0.12234578281641006,0.6172139048576355,0.5679447650909424,-0.07741264253854752,0.6544955372810364,0.5890464782714844,-0.055342163890600204,0.682289183139801,0.6154751777648926,-0.06273086369037628
0.6626105904579163,0.6992494463920593,-6.645802272942092e-07,0.5842142105102539,0.5377829670906067,-0.11628615856170654,0.5704559683799744,0.5455393195152283,-0.12233103811740875,0.6160299181938171,0.5651540756225586,-0.07737381011247635,0.653460681438446,0.5865627527236938,-0.05580311268568039,0.6832384467124939,0.6152868270874023,-0.06241776794195175
0.6617300510406494,0.700063943862915,-6.734951512044063e-07,0.5847001075744629,0.5393780469894409,-0.11423267424106598,0.5688133239746094,0.5456976294517517,-0.12297065556049347,0.6143789291381836,0.563949704170227,-0.07800939679145813,0.6531875133514404,0.5852576494216919,-0.055640146136283875,0.6826958060264587,0.615096390247345,-0.06442975997924805
0.6624126434326172,0.6985765695571899,-6.627992092944623e-07,0.5837944149971008,0.5375901460647583,-0.11581991612911224,0.5686994791030884,0.5437493324279785,-0.12152119725942612,0.6142168641090393,0.5626068711280823,-0.07877931743860245,0.6517400145530701,0.5843749046325684,-0.05676126852631569,0.6821478605270386,0.612764298915863,-0.0647687166929245
0.6606013178825378,0.7013000249862671,-6.611255685129436e-07,0.5837262272834778,0.5397797226905823,-0.12048441171646118,0.5701770186424255,0.5471614599227905,-0.12850983440876007,0.6169961094856262,0.5667563080787659,-0.08173276484012604,0.6554669737815857,0.5916812419891357,-0.05770302936434746,0.6884106993675232,0.620978057384491,-0.06472291052341461
0.6619305610656738,0.7015742659568787,-6.679248372165603e-07,0.5834551453590393,0.5422190427780151,-0.11848162859678268,0.5692719221115112,0.5470929741859436,-0.12378345429897308,0.614091694355011,0.5682018995285034,-0.07879651337862015,0.6514994502067566,0.5883862376213074,-0.05680537968873978,0.6808121204376221,0.6158556342124939,-0.0644393265247345
0.6619464755058289,0.7016755938529968,-6.606613283111074e-07,0.5846258997917175,0.5413724184036255,-0.11787202954292297,0.5685649514198303,0.5472981929779053,-0.12659651041030884,0.6140316128730774,0.5672886967658997,-0.07932351529598236,0.6524940133094788,0.5905730128288269,-0.056284740567207336,0.682811439037323,0.6181654334068298,-0.06436118483543396
0.6618711948394775,0.7031222581863403,-6.487780979114177e-07,0.587614893913269,0.5383691787719727,-0.12044700980186462,0.5709787011146545,0.5434964299201965,-0.13114525377750397,0.6163796186447144,0.5624379515647888,-0.08234766870737076,0.655319094657898,0.588624894618988,-0.05675787106156349,0.6888982057571411,0.6185266375541687,-0.06693335622549057
0.6649132370948792,0.7034807205200195,-6.360613156175532e-07,0.5892704725265503,0.5397725105285645,-0.1216096580028534,0.5732187032699585,0.5421509742736816,-0.12739001214504242,0.6169171929359436,0.558870255947113,-0.08116086572408676,0.6564592719078064,0.5825183391571045,-0.0578257218003273,0.6874051094055176,0.6105045080184937,-0.06662417203187943
0.6653420329093933,0.7033782005310059,-6.357583401950251e-07,0.5918558835983276,0.5396980047225952,-0.12423637509346008,0.5739811062812805,0.5443496108055115,-0.13050109148025513,0.618501603603363,0.5599256157875061,-0.08237488567829132,0.6573331356048584,0.5842656493186951,-0.057862311601638794,0.6863437294960022,0.6141657829284668,-0.06801365315914154
0.6671644449234009,0.7058557271957397,-6.442978133236466e-07,0.5902186036109924,0.5407086610794067,-0.12499906867742538,0.5760970115661621,0.5498918294906616,-0.13314998149871826,0.6211704611778259,0.5665930509567261,-0.08518345654010773,0.6587929725646973,0.5921097993850708,-0.06186340004205704,0.6878881454467773,0.621135413646698,-0.07082835584878922
0.6668376326560974,0.70381760597229,-6.636399803028326e-07,0.5923325419425964,0.5420374870300293,-0.12249934673309326,0.5749383568763733,0.5512126684188843,-0.13005337119102478,0.6189243197441101,0.5672450065612793,-0.08457266539335251,0.6558030843734741,0.5895606279373169,-0.06207510828971863,0.6851255297660828,0.616614818572998,-0.07091604918241501
0.6667876243591309,0.7065760493278503,-6.551915703312261e-07,0.5911960601806641,0.5433777570724487,-0.12194168567657471,0.5747522711753845,0.5482233762741089,-0.1301899403333664,0.6207006573677063,0.5665153861045837,-0.08361265063285828,0.6576985120773315,0.5921646952629089,-0.0606827475130558,0.6875187158584595,0.6208983659744263,-0.06991688162088394
0.666706383228302,0.7081276774406433,-6.531810186061193e-07,0.5909367799758911,0.5439723134040833,-0.12654122710227966,0.5803861021995544,0.5575504302978516,-0.13397039473056793,0.6258530616760254,0.5762625336647034,-0.0890723243355751,0.6603907942771912,0.6009177565574646,-0.0664651021361351,0.691352903842926,0.6287498474121094,-0.07272186130285263
0.6670978665351868,0.7103238105773926,-6.364570594996621e-07,0.5876985192298889,0.5478367209434509,-0.12323740869760513,0.5773186683654785,0.552116870880127,-0.12466160207986832,0.6210262775421143,0.5727023482322693,-0.08400730043649673,0.6618990898132324,0.5982608795166016,-0.061982590705156326,0.6918830871582031,0.6264175176620483,-0.06980346143245697
0.6665191650390625,0.7094839215278625,-6.172946882543329e-07,0.5878154039382935,0.5484572649002075,-0.12686392664909363,0.5778607130050659,0.5531590580940247,-0.13381406664848328,0.6211521029472351,0.5712811946868896,-0.08946121484041214,0.6587190628051758,0.5982868075370789,-0.06526847928762436,0.6891602873802185,0.6276156306266785,-0.07383599877357483
0.6666526198387146,0.710145890712738,-6.122366471572604e-07,0.5910108089447021,0.5490572452545166,-0.13022105395793915,0.5800647735595703,0.5551863312721252,-0.13673056662082672,0.6265264749526978,0.5736901760101318,-0.09090381115674973,0.6662477850914001,0.6011804938316345,-0.06519737094640732,0.6985562443733215,0.6315624117851257,-0.07142911851406097
0.6683939695358276,0.710397481918335,-6.068516427149007e-07,0.5910394191741943,0.5517634153366089,-0.13077980279922485,0.5801668167114258,0.5551939606666565,-0.1332560032606125,0.6240050792694092,0.5759468078613281,-0.09126103669404984,0.6612676382064819,0.5974786877632141,-0.06823985278606415,0.6897157430648804,0.6260700225830078,-0.0760151743888855
0.6665704250335693,0.7118090391159058,-6.2346771301236e-07,0.5904420018196106,0.5505308508872986,-0.13116858899593353,0.5800736546516418,0.5603546500205994,-0.13917276263237,0.6266430616378784,0.5777765512466431,-0.0953255444765091,0.6628915071487427,0.6045541167259216,-0.07081587612628937,0.6951720118522644,0.6327769160270691,-0.07977963984012604
0.668716549873352,0.7087399959564209,-6.000561825203476e-07,0.590951144695282,0.5527008771896362,-0.13276471197605133,0.5826240181922913,0.5573304891586304,-0.13723590970039368,0.6268401145935059,0.5780159831047058,-0.09491925686597824,0.6612156629562378,0.6025426983833313,-0.07092738896608353,0.6923943758010864,0.6306197643280029,-0.07780476659536362
0.6668494939804077,0.7114008665084839,-6.264294825086836e-07,0.5912368297576904,0.5511957406997681,-0.13358710706233978,0.5796448588371277,0.5590230226516724,-0.13842006027698517,0.6261194944381714,0.5758912563323975,-0.09427784383296967,0.6617987751960754,0.6029936075210571,-0.06984855234622955,0.6933011412620544,0.6318812966346741,-0.07795361429452896
0.6682077646255493,0.7111917734146118,-6.001216092954564e-07,0.5910623669624329,0.5537609457969666,-0.13658438622951508,0.5808143615722656,0.5552644729614258,-0.1367872953414917,0.625556230545044,0.5786289572715759,-0.09738808125257492,0.6615175008773804,0.6025491952896118,-0.07443159818649292,0.6937163472175598,0.6302942037582397,-0.0806707963347435
0.6689959168434143,0.7114436626434326,-6.121242108747538e-07,0.5905048847198486,0.5519927740097046,-0.13440626859664917,0.5812392830848694,0.559575617313385,-0.13648483157157898,0.6258675456047058,0.5759360790252686,-0.09544851630926132,0.6611012816429138,0.6008149981498718,-0.07150184363126755,0.6925394535064697,0.6285934448242188,-0.07984239608049393
0.6688569784164429,0.7132296562194824,-6.345838414745231e-07,0.59056556224823,0.5513700842857361,-0.1326633095741272,0.5817858576774597,0.5617848038673401,-0.13572418689727783,0.6265797019004822,0.5775856971740723,-0.0929347351193428,0.662482500076294,0.6025097966194153,-0.06954322010278702,0.6930499076843262,0.630975067615509,-0.07689157128334045
0.6692562103271484,0.7117489576339722,-6.280042157413845e-07,0.5906752347946167,0.553568422794342,-0.1294248402118683,0.58244788646698,0.559253454208374,-0.13188283145427704,0.6270304322242737,0.5787847638130188,-0.09072757512331009,0.6624674201011658,0.6008841395378113,-0.06884034723043442,0.6923139691352844,0.6272890567779541,-0.07517801970243454
0.6679595112800598,0.7128077149391174,-6.117958832874137e-07,0.5901620388031006,0.5532298684120178,-0.13366708159446716,0.5814540982246399,0.5603237152099609,-0.13823522627353668,0.6272415518760681,0.5764244198799133,-0.09521985054016113,0.6630222797393799,0.6032975316047668,-0.07163985818624496,0.6953990459442139,0.6317089200019836,-0.07922197133302689
0.6673054695129395,0.713948130607605,-6.056962433831359e-07,0.5929028987884521,0.554604709148407,-0.13704487681388855,0.5824853181838989,0.5562998056411743,-0.13620708882808685,0.6280724406242371,0.5795829892158508,-0.09561564773321152,0.6633291244506836,0.6053975820541382,-0.07238607108592987,0.6945042610168457,0.633588969707489,-0.07848332077264786
0.6698545813560486,0.7110437750816345,-5.892259196116356e-07,0.5934696793556213,0.5558227300643921,-0.13585159182548523,0.582902729511261,0.5548035502433777,-0.13544432818889618,0.6280397772789001,0.577961802482605,-0.09286493808031082,0.6627179980278015,0.6018856167793274,-0.06916993856430054,0.6916214227676392,0.6296250820159912,-0.076261006295681
0.6684922575950623,0.7122335433959961,-6.115263317951758e-07,0.5923227667808533,0.5570989847183228,-0.13713814318180084,0.5834982395172119,0.5614570379257202,-0.13878129422664642,0.6283937692642212,0.5794523358345032,-0.0943663939833641,0.6655142903327942,0.6052957773208618,-0.06924725323915482,0.6966375112533569,0.6327974796295166,-0.07555656880140305
0.6716619729995728,0.714680016040802,-6.000020675855922e-07,0.5918125510215759,0.5588331818580627,-0.14076747000217438,0.5834856629371643,0.5617003440856934,-0.14006279408931732,0.6269755959510803,0.5801313519477844,-0.0976092740893364,0.6639233231544495,0.6034507155418396,-0.07292840629816055,0.6941825747489929,0.6316419243812561,-0.08131042122840881
0.6726312637329102,0.7152385711669922,-6.232076543710718e-07,0.5956696271896362,0.5561979413032532,-0.1286708116531372,0.5822295546531677,0.5607989430427551,-0.1366652548313141,0.626172661781311,0.5770642757415771,-0.09144660085439682,0.662202775478363,0.6002384424209595,-0.06791889667510986,0.691140353679657,0.631046712398529,-0.07675956189632416
0.6731454730033875,0.717201292514801,-6.11311008924531e-07,0.5978909134864807,0.5554178953170776,-0.12946444749832153,0.5831146836280823,0.557661771774292,-0.13646958768367767,0.6261395215988159,0.5721198916435242,-0.08905654400587082,0.664232611656189,0.599413275718689,-0.06409060955047607,0.6949597001075745,0.6282842755317688,-0.0744810551404953
0.6730568408966064,0.7159895300865173,-6.098756557548768e-07,0.5968544483184814,0.5566781163215637,-0.13346552848815918,0.5826439261436462,0.5585314035415649,-0.13853368163108826,0.625764012336731,0.5740340352058411,-0.09328871220350266,0.6630713939666748,0.5998028516769409,-0.06856812536716461,0.6931363940238953,0.6297008395195007,-0.07815946638584137
0.6731718182563782,0.7158334851264954,-6.099195388742373e-07,0.5976727604866028,0.557383120059967,-0.1338096559047699,0.5832142233848572,0.5594591498374939,-0.13957321643829346,0.6274304389953613,0.5756024718284607,-0.09312434494495392,0.6637617349624634,0.6012450456619263,-0.06903956830501556,0.693322479724884,0.6314051747322083,-0.0773661732673645
0.6746184825897217,0.7152115702629089,-6.228728466339817e-07,0.5972185730934143,0.5564425587654114,-0.13084831833839417,0.5862681865692139,0.564196765422821,-0.13620388507843018,0.630927562713623,0.5826699733734131,-0.09220103919506073,0.6673080325126648,0.6074056625366211,-0.06868399679660797,0.6966313719749451,0.6348071694374084,-0.07548026740550995
0.6744633316993713,0.7179469466209412,-6.452697220993286e-07,0.5989592671394348,0.5555111765861511,-0.12089935690164566,0.5844534039497375,0.5578980445861816,-0.12787285447120667,0.6265791654586792,0.5777510404586792,-0.08273159712553024,0.6634004712104797,0.5997618436813354,-0.05997198447585106,0.6916747689247131,0.6291036009788513,-0.06773287057876587
0.672397792339325,0.7181897163391113,-6.354383117468387e-07,0.6010584831237793,0.5572754740715027,-0.1270599216222763,0.5846782922744751,0.5611676573753357,-0.13512149453163147,0.6312024593353271,0.5762564539909363,-0.08868691325187683,0.6688877940177917,0.6043534278869629,-0.06351551413536072,0.6996683478355408,0.6324153542518616,-0.07108000665903091
0.6743261814117432,0.7166151404380798,-5.963697731203865e-07,0.5968081951141357,0.5607970356941223,-0.14194685220718384,0.5858243703842163,0.5606394410133362,-0.13900265097618103,0.6296746730804443,0.5777719020843506,-0.09409807622432709,0.6675577163696289,0.6039091944694519,-0.07047625631093979,0.6968446373939514,0.6331700682640076,-0.07801111787557602
0.6741534471511841,0.7182273268699646,-6.230470717127901e-07,0.5983601808547974,0.5609979629516602,-0.13258299231529236,0.587613582611084,0.5637357831001282,-0.13670673966407776,0.6307260394096375,0.5815070271492004,-0.09115855395793915,0.6684602499008179,0.6057994961738586,-0.0677686482667923,0.6977748274803162,0.635039746761322,-0.07546479254961014
0.6747825145721436,0.7178301811218262,-6.274859742916306e-07,0.598645031452179,0.5600117444992065,-0.13019034266471863,0.5868792533874512,0.563656747341156,-0.13681194186210632,0.6302468180656433,0.5856306552886963,-0.0908716470003128,0.6671302318572998,0.6079158782958984,-0.06692707538604736,0.6958661079406738,0.6366835832595825,-0.07459719479084015
0.675286054611206,0.7181206941604614,-6.17663829416415e-07,0.5985382795333862,0.5602965354919434,-0.13288362324237823,0.5882570743560791,0.5644534826278687,-0.1391211748123169,0.6306184530258179,0.5837684869766235,-0.09261836856603622,0.6686831712722778,0.6047160029411316,-0.06800340116024017,0.697952389717102,0.6333007216453552,-0.07586237788200378
0.6730737686157227,0.7175940871238708,-6.306201498773589e-07,0.5994144678115845,0.5604123473167419,-0.133683979511261,0.5879676938056946,0.566988468170166,-0.1387748271226883,0.6321773529052734,0.5865499973297119,-0.09287846088409424,0.668002724647522,0.6088780164718628,-0.06725911051034927,0.6965983510017395,0.6366521716117859,-0.07500626891851425
0.6750346422195435,0.7181435227394104,-6.239736762836401e-07,0.5978490114212036,0.564579963684082,-0.13417354226112366,0.5872589349746704,0.5695309638977051,-0.13738441467285156,0.6298332214355469,0.584931492805481,-0.09285169094800949,0.6680532693862915,0.6077036261558533,-0.06901095062494278,0.6974489092826843,0.6347301006317139,-0.07647506147623062
0.6743009686470032,0.7185683846473694,-6.234604938981647e-07,0.5987851023674011,0.561389148235321,-0.13615918159484863,0.5887835621833801,0.5674185156822205,-0.14124952256679535,0.6317877769470215,0.5848603248596191,-0.09348873794078827,0.6681666374206543,0.6104368567466736,-0.06778369098901749,0.6965967416763306,0.6384114623069763,-0.07681841403245926
0.6731078624725342,0.7184414863586426,-6.263886689339415e-07,0.5976852178573608,0.5634820461273193,-0.13741014897823334,0.589256763458252,0.5717031955718994,-0.14124612510204315,0.6317603588104248,0.5862915515899658,-0.093614362180233,0.6685061454772949,0.6118382811546326,-0.06743244081735611,0.697024941444397,0.6385232210159302,-0.07650134712457657
0.6747094392776489,0.7183110117912292,-6.233775593500468e-07,0.5980813503265381,0.5657486915588379,-0.13547463715076447,0.5874230265617371,0.5707412362098694,-0.1407952606678009,0.6296658515930176,0.5867874026298523,-0.09437993168830872,0.6675629615783691,0.6115605235099792,-0.06927638500928879,0.6966313123703003,0.6382391452789307,-0.07731956988573074
0.6735935807228088,0.7184369564056396,-6.256865390241728e-07,0.5987054705619812,0.5638834238052368,-0.13505324721336365,0.5878686308860779,0.5699764490127563,-0.14061862230300903,0.6309133768081665,0.5861940979957581,-0.09321729838848114,0.6675092577934265,0.610988974571228,-0.06744948029518127,0.6966630220413208,0.6386476159095764,-0.0765872374176979
0.6730114817619324,0.7178581357002258,-6.154580773909402e-07,0.5956608057022095,0.5641990303993225,-0.13802628219127655,0.5878118872642517,0.5708709955215454,-0.14405307173728943,0.6305827498435974,0.5864375233650208,-0.09626440703868866,0.6675711274147034,0.6130957007408142,-0.06994304805994034,0.6972240805625916,0.6396881341934204,-0.07853755354881287
0.6759417057037354,0.7180229425430298,-6.090830311222817e-07,0.5966536402702332,0.5656554102897644,-0.13609394431114197,0.5871824026107788,0.569354236125946,-0.1441134661436081,0.629200279712677,0.5863500237464905,-0.0956299751996994,0.6670891046524048,0.6097651124000549,-0.06835588067770004,0.69734787940979,0.6356916427612305,-0.0770062804222107
0.6752017140388489,0.7206057906150818,-6.343982477119425e-07,0.5997141599655151,0.5613453388214111,-0.12828004360198975,0.5864285826683044,0.5699409246444702,-0.1378600150346756,0.6287916302680969,0.5838423371315002,-0.089737668633461,0.6663762331008911,0.6072075963020325,-0.06385601311922073,0.6956356763839722,0.634962797164917,-0.07360343635082245
0.6737913489341736,0.7208956480026245,-6.319568797152897e-07,0.5989301204681396,0.5636920928955078,-0.13261130452156067,0.583563506603241,0.5667134523391724,-0.14096076786518097,0.6263962388038635,0.5819117426872253,-0.09114693850278854,0.664037823677063,0.6095929741859436,-0.06370332092046738,0.6932585835456848,0.6375064849853516,-0.07430841773748398
0.6748905777931213,0.7205606698989868,-6.093956130825973e-07,0.597098708152771,0.5659955739974976,-0.13620057702064514,0.5872540473937988,0.5673966407775879,-0.14459604024887085,0.6292717456817627,0.5840536952018738,-0.09467016160488129,0.66761714220047,0.6098335385322571,-0.06719506531953812,0.6971518397331238,0.6374465823173523,-0.07603968679904938
0.6736568212509155,0.7185201644897461,-6.099882057242212e-07,0.5964369177818298,0.5639310479164124,-0.1328275054693222,0.5866572260856628,0.5705543756484985,-0.13873717188835144,0.6283425092697144,0.5852530598640442,-0.09257735311985016,0.6662500500679016,0.608575701713562,-0.067479707300663,0.6961074471473694,0.6362689733505249,-0.07591965794563293
0.6715915203094482,0.7199184894561768,-6.020958380759112e-07,0.5959263443946838,0.5667040348052979,-0.13539475202560425,0.5838122367858887,0.5652053356170654,-0.1416485458612442,0.6268020272254944,0.5817315578460693,-0.09387318789958954,0.6657938957214355,0.6102243065834045,-0.06647969037294388,0.6953351497650146,0.6382144093513489,-0.07401404529809952
0.6731584072113037,0.7209287881851196,-5.933170541538857e-07,0.5948851704597473,0.5658344626426697,-0.13681095838546753,0.5857521891593933,0.5694262981414795,-0.14498060941696167,0.6296923160552979,0.5868898630142212,-0.09605498611927032,0.6678422689437866,0.6144843101501465,-0.06858846545219421,0.6996432542800903,0.6409415006637573,-0.07685056328773499
0.6737505793571472,0.7227458357810974,-5.975167596261599e-07,0.5956164002418518,0.5647642612457275,-0.13565030694007874,0.5869189500808716,0.5684806108474731,-0.14208444952964783,0.6320227980613708,0.5846624970436096,-0.09708336740732193,0.6699365973472595,0.6074990034103394,-0.07014942914247513,0.7035238146781921,0.6366687417030334,-0.07768036425113678
0.6715219020843506,0.7212784290313721,-5.887803808946046e-07,0.5954561233520508,0.5702716112136841,-0.14377792179584503,0.5868540406227112,0.5663817524909973,-0.14608392119407654,0.6322294473648071,0.5900189876556396,-0.10008727014064789,0.6704248785972595,0.6148582100868225,-0.07210954278707504,0.702531099319458,0.6410903930664062,-0.08118829876184464
0.673602819442749,0.7212970852851868,-5.858665304003807e-07,0.5943992733955383,0.5711553692817688,-0.14776107668876648,0.5861530303955078,0.5705046653747559,-0.1482020914554596,0.6303903460502625,0.5902808308601379,-0.10252431780099869,0.6663578152656555,0.6150346398353577,-0.0756644681096077,0.6983879804611206,0.641955554485321,-0.08460190147161484
