0.6593368053436279,0.7500232458114624,5.335070909495698e-07,0.4656170606613159,0.4307861030101776,-0.06562858074903488,0.5243164896965027,0.15794329345226288,-0.0698263943195343,0.5994322896003723,0.07506412267684937,-0.06733503937721252,0.6609114408493042,0.07626169174909592,-0.07756838947534561,0.7260028123855591,0.18281422555446625,-0.07184659689664841
0.6689823865890503,0.7965760231018066,3.6797675306843303e-07,0.46527770161628723,0.43674761056900024,-0.03571838140487671,0.5312832593917847,0.1642768681049347,-0.0308780949562788,0.6103954911231995,0.09165986627340317,-0.026676369830965996,0.6687441468238831,0.12708304822444916,-0.04078333079814911,0.7352072596549988,0.20742514729499817,-0.043306414037942886
0.6788240671157837,0.828291654586792,3.451152963407367e-07,0.47036072611808777,0.44365087151527405,-0.026263577863574028,0.5419968962669373,0.16639591753482819,-0.01877759024500847,0.6224036812782288,0.10210094600915909,-0.01796654798090458,0.680306613445282,0.13231872022151947,-0.0329090878367424,0.7456169724464417,0.22447463870048523,-0.03726313263177872
0.6847916841506958,0.842400312423706,3.263624535065901e-07,0.4700307548046112,0.4540550410747528,-0.025302723050117493,0.5450107455253601,0.17299947142601013,-0.022512761875987053,0.6262333989143372,0.10085081309080124,-0.021545277908444405,0.6803386807441711,0.13747982680797577,-0.035095106810331345,0.7519100308418274,0.2286016047000885,-0.037469521164894104
0.6861709356307983,0.8551642298698425,3.46145924368102e-07,0.46956875920295715,0.46121299266815186,-0.022131701931357384,0.5454967617988586,0.1722291111946106,-0.01797686330974102,0.6273101568222046,0.10126479715108871,-0.018265075981616974,0.6818363070487976,0.13907505571842194,-0.03531720116734505,0.7556182742118835,0.23364244401454926,-0.0398750826716423
0.6886963844299316,0.8662717938423157,3.5331720482645324e-07,0.46913760900497437,0.4668956995010376,-0.02479402907192707,0.5465047955513,0.17399117350578308,-0.01885066367685795,0.6280449032783508,0.10447181016206741,-0.016482675448060036,0.6848730444908142,0.13743388652801514,-0.031428262591362,0.7581366300582886,0.23119357228279114,-0.0358271598815918
0.687127411365509,0.8804440498352051,3.703063669036055e-07,0.4644550383090973,0.4742700457572937,-0.025242749601602554,0.545023500919342,0.1742103397846222,-0.01806250773370266,0.6277430653572083,0.10346528142690659,-0.015061917714774609,0.6859866976737976,0.13848163187503815,-0.030679548159241676,0.758658230304718,0.23632720112800598,-0.036207012832164764
0.6834985613822937,0.8889235854148865,3.5438577583590813e-07,0.4631795287132263,0.47946950793266296,-0.027626274153590202,0.545525312423706,0.17517034709453583,-0.024265902116894722,0.6270998120307922,0.10335163027048111,-0.023734480142593384,0.6848893761634827,0.14175009727478027,-0.038901638239622116,0.7592862248420715,0.24113814532756805,-0.04463639855384827
0.6848846673965454,0.891825258731842,3.5425773603492416e-07,0.46284106373786926,0.4821827709674835,-0.029339810833334923,0.5468769669532776,0.17348980903625488,-0.024124424904584885,0.6265523433685303,0.10321518778800964,-0.021998798474669456,0.6849948167800903,0.1450885534286499,-0.035967834293842316,0.7587004899978638,0.24329981207847595,-0.042662423104047775
0.6874232888221741,0.8894379734992981,3.7210486425465206e-07,0.46294158697128296,0.480224072933197,-0.030804984271526337,0.5493146181106567,0.17071808874607086,-0.02499089390039444,0.6306166648864746,0.0994514673948288,-0.02309582754969597,0.6896061897277832,0.14225757122039795,-0.03719029948115349,0.7636334300041199,0.2456200122833252,-0.04173916578292847
0.6892105340957642,0.8905826210975647,3.676951507713966e-07,0.464162677526474,0.4791373908519745,-0.03125062584877014,0.5501812100410461,0.17024335265159607,-0.028450652956962585,0.6351869106292725,0.0979338213801384,-0.026874981820583344,0.6940503120422363,0.14467890560626984,-0.041325733065605164,0.765408456325531,0.2482580840587616,-0.045243386179208755
0.6905229687690735,0.8896084427833557,3.6846810758106585e-07,0.467275470495224,0.4787124991416931,-0.031637948006391525,0.5520730018615723,0.1694481372833252,-0.027028264477849007,0.6364665031433105,0.09888279438018799,-0.023927217349410057,0.6946535706520081,0.1419631689786911,-0.037933725863695145,0.7696679830551147,0.2446419596672058,-0.04191676154732704
0.6927517652511597,0.890677809715271,3.739491774013004e-07,0.467240571975708,0.4768272936344147,-0.033320311456918716,0.5529119968414307,0.1689537614583969,-0.029443850740790367,0.6415692567825317,0.09897725284099579,-0.025634557008743286,0.6943787336349487,0.144863098859787,-0.03901350125670433,0.7708936929702759,0.2479163408279419,-0.0427907258272171
0.6940852999687195,0.8904736638069153,3.8426071569119813e-07,0.4691143333911896,0.4766734838485718,-0.028860412538051605,0.5533067584037781,0.1678863763809204,-0.023186996579170227,0.6426108479499817,0.09703009575605392,-0.020206864923238754,0.6962118744850159,0.14253880083560944,-0.03551006317138672,0.7723186016082764,0.24791893362998962,-0.03986392170190811
0.6920581459999084,0.8918240666389465,3.668438353088277e-07,0.4697344899177551,0.4741874933242798,-0.030831353738904,0.5529564619064331,0.16717733442783356,-0.026392772793769836,0.6404111385345459,0.09571254998445511,-0.023749269545078278,0.6981008648872375,0.14158740639686584,-0.03803737089037895,0.7723623514175415,0.24812984466552734,-0.04262175410985947
0.6937949657440186,0.8920552730560303,3.3129452958746697e-07,0.4680887758731842,0.47508880496025085,-0.03058025985956192,0.5524204969406128,0.1716865450143814,-0.027670633047819138,0.6376273036003113,0.09815150499343872,-0.027967307716608047,0.6959944367408752,0.13820162415504456,-0.04374983161687851,0.7704388499259949,0.24628214538097382,-0.049671851098537445
0.6939201951026917,0.8938308954238892,3.5038286227973003e-07,0.46875426173210144,0.4744775891304016,-0.03247866779565811,0.5515450239181519,0.17189352214336395,-0.028815757483243942,0.636288583278656,0.09713687747716904,-0.027457229793071747,0.6956957578659058,0.1386571228504181,-0.04171421378850937,0.7717146873474121,0.24397903680801392,-0.04767627641558647
0.6944402456283569,0.8944953083992004,3.4040022001136094e-07,0.46870893239974976,0.4752163589000702,-0.02967836521565914,0.5513034462928772,0.17302308976650238,-0.02480265125632286,0.635635495185852,0.09781097620725632,-0.024120666086673737,0.6954267621040344,0.13757780194282532,-0.038775499910116196,0.7709683179855347,0.24194402992725372,-0.045005474239587784
0.6950539946556091,0.8964947462081909,3.411239788420062e-07,0.46973878145217896,0.475760817527771,-0.02944980002939701,0.5510193109512329,0.1727989763021469,-0.02517063356935978,0.6360483169555664,0.09767138212919235,-0.024932172149419785,0.6961583495140076,0.13560643792152405,-0.040082674473524094,0.7716049551963806,0.24200989305973053,-0.04619743674993515
0.6940398216247559,0.896564245223999,3.442065121816995e-07,0.4696155786514282,0.4754962623119354,-0.031277846544981,0.5519042611122131,0.1714209020137787,-0.02693270333111286,0.6364837288856506,0.09721465408802032,-0.026829572394490242,0.6963789463043213,0.13620658218860626,-0.04145549237728119,0.7709448933601379,0.24198229610919952,-0.048136334866285324
0.6944032311439514,0.8968583345413208,3.477161953924224e-07,0.46941515803337097,0.4743645489215851,-0.030807802453637123,0.5520496964454651,0.17357707023620605,-0.02545113116502762,0.6372233033180237,0.0970349907875061,-0.02575833722949028,0.6960621476173401,0.13656210899353027,-0.04133215919137001,0.7712037563323975,0.24407337605953217,-0.047732964158058167
0.6944603323936462,0.8965387940406799,3.37055553245591e-07,0.47028103470802307,0.4718516767024994,-0.03184520825743675,0.5536038875579834,0.1737128049135208,-0.028927797451615334,0.6372377872467041,0.09743599593639374,-0.02932366169989109,0.6960176229476929,0.13702867925167084,-0.04504276067018509,0.7695910334587097,0.24393482506275177,-0.052276015281677246
0.6947327256202698,0.8959401249885559,3.3773892482713563e-07,0.47103020548820496,0.47282326221466064,-0.031564466655254364,0.5522817969322205,0.17255331575870514,-0.028295183554291725,0.6366816163063049,0.09733507037162781,-0.029054919257760048,0.6957599520683289,0.13689415156841278,-0.044466666877269745,0.7701771259307861,0.24359729886054993,-0.05141936615109444
0.6968454122543335,0.8952983617782593,3.33596773316458e-07,0.47045838832855225,0.47084587812423706,-0.029036501422524452,0.5486233234405518,0.17365482449531555,-0.023945556953549385,0.6346348524093628,0.09878513962030411,-0.025239823386073112,0.6955589652061462,0.1346966177225113,-0.0415833480656147,0.7700600624084473,0.24323613941669464,-0.049252718687057495
0.6966426968574524,0.895441472530365,3.360767948379362e-07,0.47390544414520264,0.46739861369132996,-0.028975827619433403,0.5525156855583191,0.17397360503673553,-0.02575654722750187,0.6371813416481018,0.09634235501289368,-0.02519673854112625,0.6975868344306946,0.134342759847641,-0.04016086459159851,0.7714945673942566,0.23969727754592896,-0.04708345606923103
0.6959187984466553,0.8923061490058899,3.291852692655084e-07,0.4756558835506439,0.4680301249027252,-0.030746839940547943,0.5526149868965149,0.173691064119339,-0.027508307248353958,0.6373198628425598,0.09865369647741318,-0.027047328650951385,0.6980531215667725,0.1322704553604126,-0.042272329330444336,0.7730001211166382,0.24418054521083832,-0.048683397471904755
0.696707010269165,0.8913263082504272,3.374085508767166e-07,0.47403568029403687,0.46808454394340515,-0.03279900178313255,0.5530818700790405,0.17281991243362427,-0.028003212064504623,0.6371698975563049,0.09808743745088577,-0.027888653799891472,0.6966674327850342,0.13316532969474792,-0.04275095462799072,0.7722322344779968,0.24218341708183289,-0.04916061460971832
0.6966083645820618,0.8925837278366089,3.415350420254981e-07,0.4738676846027374,0.4713384807109833,-0.031631678342819214,0.5532983541488647,0.1722830832004547,-0.028240039944648743,0.6378634572029114,0.09611031413078308,-0.028347298502922058,0.6958788633346558,0.1320134848356247,-0.04304693639278412,0.7720409035682678,0.24254968762397766,-0.04933731630444527
0.6965631246566772,0.8917971253395081,3.2527290727557556e-07,0.4738719165325165,0.47138479351997375,-0.031022710725665092,0.5520641803741455,0.17405207455158234,-0.028406692668795586,0.6363939046859741,0.09667907655239105,-0.02924307808279991,0.6969335675239563,0.13064268231391907,-0.04471481963992119,0.7716137170791626,0.2398342341184616,-0.051342565566301346
0.6964113116264343,0.8919563889503479,3.1998732197280333e-07,0.47252917289733887,0.4729650616645813,-0.03247705474495888,0.5525378584861755,0.17376281321048737,-0.031134819611907005,0.6354357600212097,0.09688301384449005,-0.03197207301855087,0.6963415145874023,0.13023559749126434,-0.04802347347140312,0.7707369327545166,0.24272656440734863,-0.055082958191633224
0.6974977850914001,0.8920727968215942,3.1241555120686826e-07,0.47276997566223145,0.4730623960494995,-0.033820461481809616,0.5517234206199646,0.17544224858283997,-0.03231576085090637,0.6341063976287842,0.09884750843048096,-0.03328569605946541,0.6924907565116882,0.12728846073150635,-0.049239955842494965,0.7696746587753296,0.24303290247917175,-0.05566350743174553
0.6974959969520569,0.8914850354194641,3.325994555325451e-07,0.4719894230365753,0.47350960969924927,-0.03368769958615303,0.5518723130226135,0.17211228609085083,-0.03321865200996399,0.6351516842842102,0.09586317837238312,-0.03385939821600914,0.6939502358436584,0.13000617921352386,-0.049060024321079254,0.7684611678123474,0.24434880912303925,-0.05574600026011467
0.6986088156700134,0.8918401598930359,3.3246871566916525e-07,0.4719337821006775,0.4721386730670929,-0.033477481454610825,0.5538032650947571,0.1721934974193573,-0.03160985931754112,0.6347758173942566,0.09648815542459488,-0.031095074489712715,0.6930899024009705,0.12779827415943146,-0.045359015464782715,0.7691807150840759,0.24206489324569702,-0.05135508254170418
0.6984954476356506,0.892591118812561,3.514585955599614e-07,0.4731396734714508,0.4717336595058441,-0.03608072176575661,0.5544214844703674,0.17097415030002594,-0.03404151648283005,0.6356452107429504,0.09443464130163193,-0.032474834471940994,0.6939684748649597,0.12863141298294067,-0.045857638120651245,0.7700229287147522,0.24251298606395721,-0.05184837430715561
0.6987752318382263,0.8919662833213806,3.3933883969439194e-07,0.47291356325149536,0.47148504853248596,-0.034387022256851196,0.5533450245857239,0.17201611399650574,-0.032938167452812195,0.6347201466560364,0.09532956033945084,-0.031465452164411545,0.6937565803527832,0.12786850333213806,-0.045116979628801346,0.7694486975669861,0.24265584349632263,-0.05143825337290764
0.6986584663391113,0.8918315768241882,3.463227074007591e-07,0.472897469997406,0.47144243121147156,-0.03474719077348709,0.5519782304763794,0.17223186790943146,-0.033046506345272064,0.6345061659812927,0.0942697823047638,-0.03183678537607193,0.6941069960594177,0.12916003167629242,-0.04550296813249588,0.7695869207382202,0.24212229251861572,-0.051859673112630844
0.699385404586792,0.8917357325553894,3.437931468397437e-07,0.4728791415691376,0.47200122475624084,-0.03307966887950897,0.5524346232414246,0.17242564260959625,-0.03062189556658268,0.6349905133247375,0.09568265080451965,-0.0293488297611475,0.6937934160232544,0.1305195391178131,-0.042849015444517136,0.7688539624214172,0.24172168970108032,-0.048946864902973175
0.6987389326095581,0.8918551206588745,3.5094066674901114e-07,0.4723776876926422,0.4728839695453644,-0.03413965925574303,0.553397536277771,0.17010414600372314,-0.031196027994155884,0.634548544883728,0.09643887728452682,-0.029791243374347687,0.6943693161010742,0.1327228546142578,-0.043092429637908936,0.7683355808258057,0.24122180044651031,-0.04897507652640343
0.6987403035163879,0.8906958699226379,3.4641379897948354e-07,0.47240975499153137,0.4746255874633789,-0.03177942708134651,0.5546174645423889,0.1692313551902771,-0.02950768545269966,0.6354790329933167,0.09611133486032486,-0.028629213571548462,0.6948044896125793,0.1332227736711502,-0.04210485517978668,0.7677322030067444,0.242649108171463,-0.04763934761285782
0.6993050575256348,0.8918230533599854,3.539655608619796e-07,0.47214314341545105,0.47475823760032654,-0.03176918998360634,0.5542325377464294,0.17079220712184906,-0.02698744274675846,0.6355534195899963,0.09669254720211029,-0.02496240846812725,0.6958656311035156,0.1345461755990982,-0.037904880940914154,0.7693514823913574,0.23798900842666626,-0.04375992342829704
0.6992762684822083,0.8909663558006287,3.607840710628807e-07,0.47207289934158325,0.47367963194847107,-0.03198909014463425,0.5540580153465271,0.17071574926376343,-0.02604525536298752,0.6352753043174744,0.09592381864786148,-0.023991530761122704,0.6962393522262573,0.13446079194545746,-0.03746578469872475,0.7701463103294373,0.2384600192308426,-0.043609369546175
0.6987778544425964,0.8913354873657227,3.559765673344373e-07,0.47328248620033264,0.47469887137413025,-0.03461344540119171,0.5526297688484192,0.17109739780426025,-0.029807662591338158,0.6344108581542969,0.09601820260286331,-0.02633485570549965,0.6958120465278625,0.1352853775024414,-0.037749551236629486,0.7701098322868347,0.2395632266998291,-0.04306435212492943
0.6983008980751038,0.8917381763458252,3.5237783890806895e-07,0.4717671573162079,0.47466424107551575,-0.032256532460451126,0.551884114742279,0.17182248830795288,-0.02739037200808525,0.634102463722229,0.09611562639474869,-0.025251762941479683,0.6950421333312988,0.1349918395280838,-0.038316670805215836,0.769777774810791,0.23864467442035675,-0.04440661519765854
0.6991892457008362,0.891539990901947,3.583283501029655e-07,0.4726342558860779,0.4735935926437378,-0.03323415666818619,0.5519965291023254,0.1714501827955246,-0.02788010612130165,0.6347672343254089,0.09597903490066528,-0.02528558112680912,0.6952243447303772,0.13435183465480804,-0.03816988319158554,0.7705669403076172,0.23820067942142487,-0.04389447718858719
0.6983655095100403,0.8921822905540466,3.6418720128494897e-07,0.47450217604637146,0.4718514680862427,-0.0342848040163517,0.5540648102760315,0.16860738396644592,-0.029894210398197174,0.6374102830886841,0.09441681206226349,-0.026875164359807968,0.6987414360046387,0.13325640559196472,-0.03955297917127609,0.7741989493370056,0.2417030930519104,-0.04470277577638626
0.6985677480697632,0.8938964009284973,3.58943765377262e-07,0.4773128926753998,0.46683719754219055,-0.03851280361413956,0.5558907389640808,0.1678352653980255,-0.03396668657660484,0.6452944278717041,0.09637296944856644,-0.028970491141080856,0.7033897042274475,0.1334475725889206,-0.04126538708806038,0.7796651124954224,0.24369260668754578,-0.04662760719656944
0.6976301670074463,0.8930344581604004,3.707604889768845e-07,0.47945794463157654,0.46511659026145935,-0.038788385689258575,0.5641000270843506,0.1614571362733841,-0.03924694284796715,0.6550801992416382,0.09051372110843658,-0.036386340856552124,0.7168139815330505,0.1286635845899582,-0.04861859232187271,0.7921531796455383,0.24490734934806824,-0.05280252546072006
0.6991624236106873,0.8962346315383911,4.073717150276934e-07,0.4813011884689331,0.4645877480506897,-0.03795064240694046,0.5716448426246643,0.156660258769989,-0.036742717027664185,0.6683679819107056,0.08837923407554626,-0.034542422741651535,0.729024350643158,0.1280023455619812,-0.04919717460870743,0.8086607456207275,0.2526254653930664,-0.05135950446128845
0.6981194615364075,0.8971226811408997,4.012763099581207e-07,0.47931692004203796,0.46147438883781433,-0.035315122455358505,0.5754433274269104,0.15621031820774078,-0.03515148535370827,0.6752368211746216,0.08710325509309769,-0.03497069329023361,0.7365546226501465,0.12977944314479828,-0.05156376585364342,0.8203134536743164,0.25181564688682556,-0.054626286029815674
0.6966567635536194,0.8963793516159058,4.0687694990992895e-07,0.4803265333175659,0.4602668583393097,-0.03368828818202019,0.5744374394416809,0.1570298820734024,-0.03257257863879204,0.6763662695884705,0.08491163700819016,-0.032839335501194,0.7403526306152344,0.12471454590559006,-0.051625896245241165,0.8251639604568481,0.2572349011898041,-0.05670486390590668
0.6959381699562073,0.8963690996170044,4.2081791207237984e-07,0.4813191592693329,0.45741453766822815,-0.03602474182844162,0.5769056081771851,0.1562359482049942,-0.03237917646765709,0.6810838580131531,0.08357767760753632,-0.0325058177113533,0.7435185313224792,0.12633171677589417,-0.05215732008218765,0.8292028903961182,0.254000186920166,-0.0578252449631691
0.6953600645065308,0.8950073719024658,4.42648087073394e-07,0.4818595349788666,0.4584355056285858,-0.03920064866542816,0.5810730457305908,0.15453872084617615,-0.035937391221523285,0.6885234117507935,0.08239266276359558,-0.036010242998600006,0.749295711517334,0.12883922457695007,-0.054988473653793335,0.838310956954956,0.25381094217300415,-0.059272829443216324
0.696812093257904,0.893690824508667,4.690733419465687e-07,0.4804042875766754,0.4605417847633362,-0.03403299301862717,0.5851645469665527,0.1522248238325119,-0.030019087716937065,0.695909857749939,0.08207979798316956,-0.029479335993528366,0.7586535215377808,0.13230474293231964,-0.049848221242427826,0.8493891954421997,0.25982534885406494,-0.05388922616839409
0.6951442360877991,0.8906199932098389,5.016129875912156e-07,0.4766901731491089,0.45935019850730896,-0.03552479296922684,0.5885486006736755,0.15290556848049164,-0.0307171493768692,0.7039334177970886,0.08391464501619339,-0.028998997062444687,0.7711325287818909,0.13671308755874634,-0.05128905549645424,0.8692745566368103,0.26654019951820374,-0.05747127905488014
0.6965534090995789,0.8913687467575073,5.277373702483601e-07,0.47735345363616943,0.4620867371559143,-0.03376135230064392,0.5921840667724609,0.1506028175354004,-0.02943311259150505,0.7150431871414185,0.08319203555583954,-0.02988964132964611,0.7832270264625549,0.13619203865528107,-0.05739661678671837,0.8860877156257629,0.277513325214386,-0.06626024842262268
0.6965209245681763,0.8904886841773987,5.298677479004255e-07,0.4778391122817993,0.4603658616542816,-0.03431028127670288,0.5979897975921631,0.1486600637435913,-0.03189604729413986,0.722885251045227,0.0849778950214386,-0.03128863498568535,0.7904871702194214,0.13617543876171112,-0.05846928432583809,0.8912861943244934,0.2789820730686188,-0.06744058430194855
0.6963908672332764,0.8894293904304504,5.518138550542062e-07,0.47743552923202515,0.461567759513855,-0.041850779205560684,0.603809118270874,0.14269278943538666,-0.041031911969184875,0.7283471822738647,0.08361921459436417,-0.03976377099752426,0.7936736345291138,0.1360272616147995,-0.06598890572786331,0.8958266973495483,0.2830190062522888,-0.07516420632600784
0.6965538859367371,0.8895551562309265,5.258308419797686e-07,0.47744452953338623,0.4604843556880951,-0.03797844052314758,0.6049200892448425,0.14562733471393585,-0.03508825600147247,0.7238446474075317,0.08391670882701874,-0.03593377023935318,0.7953521609306335,0.13681048154830933,-0.06338786333799362,0.8988048434257507,0.2832411229610443,-0.0722711905837059
0.6965954303741455,0.8883953094482422,5.270313749861089e-07,0.4786015748977661,0.45770758390426636,-0.03834550082683563,0.6038423180580139,0.14574193954467773,-0.03443693369626999,0.7201229929924011,0.08233711123466492,-0.03471878170967102,0.7925779223442078,0.1344139128923416,-0.06368470937013626,0.9001824855804443,0.2824597656726837,-0.0733243077993393
0.6964099407196045,0.8879687190055847,5.112512440064165e-07,0.47837600111961365,0.4592011570930481,-0.04109666869044304,0.6029860377311707,0.1447630077600479,-0.04246639087796211,0.7194987535476685,0.08168108016252518,-0.04225887730717659,0.792641282081604,0.13287506997585297,-0.06936802715063095,0.8996120095252991,0.2832317650318146,-0.0783369392156601
0.6962510347366333,0.8887048959732056,5.217243028710072e-07,0.47873276472091675,0.45601561665534973,-0.04051831737160683,0.6038926839828491,0.14449819922447205,-0.03938453644514084,0.722405731678009,0.08096756041049957,-0.03910031542181969,0.7916823029518127,0.13742686808109283,-0.06470487266778946,0.8945604562759399,0.2815241515636444,-0.07262027263641357
0.6933934688568115,0.8901430368423462,4.787859779753489e-07,0.48055022954940796,0.45349249243736267,-0.03912505507469177,0.6036555171012878,0.14261378347873688,-0.040371283888816833,0.7204499840736389,0.08123419433832169,-0.03989650309085846,0.7873832583427429,0.13806985318660736,-0.06033698096871376,0.8750281929969788,0.27056387066841125,-0.06584609299898148
0.6934386491775513,0.8926231861114502,4.4780733787774807e-07,0.4805035889148712,0.4476229250431061,-0.04582039639353752,0.6052235960960388,0.14544729888439178,-0.04754479229450226,0.7139711976051331,0.08171086758375168,-0.04418562725186348,0.7750625610351562,0.14047282934188843,-0.05829986557364464,0.853130042552948,0.25931695103645325,-0.06103099137544632
0.6923006772994995,0.892840564250946,4.410815677147184e-07,0.48370569944381714,0.4500899016857147,-0.04375840350985527,0.6042479872703552,0.14275318384170532,-0.04504804685711861,0.7141799926757812,0.08361981809139252,-0.04438105225563049,0.7689786553382874,0.14454196393489838,-0.059295766055583954,0.839290976524353,0.2581520676612854,-0.06205463781952858
0.6937053799629211,0.8922083973884583,4.5159774231251504e-07,0.48538026213645935,0.45254552364349365,-0.03957219049334526,0.6040483117103577,0.138849675655365,-0.03881480544805527,0.713555097579956,0.08149628341197968,-0.037721000611782074,0.7674974203109741,0.14023873209953308,-0.053666386753320694,0.8390295505523682,0.253903329372406,-0.056152887642383575
0.6952417492866516,0.8933676481246948,4.2465498495403153e-07,0.48444440960884094,0.45156702399253845,-0.03865741193294525,0.6005337834358215,0.14475083351135254,-0.03823136165738106,0.7074766755104065,0.08190485090017319,-0.038391344249248505,0.7657199501991272,0.13471531867980957,-0.05461426451802254,0.8397234678268433,0.25368374586105347,-0.057482458651065826
0.6925410628318787,0.8966682553291321,4.166780911418755e-07,0.4830082356929779,0.45385050773620605,-0.040689729154109955,0.5936278104782104,0.1462998390197754,-0.042043983936309814,0.7016055583953857,0.08052285760641098,-0.042397767305374146,0.7639726996421814,0.13805128633975983,-0.05688763037323952,0.8374266624450684,0.25108465552330017,-0.06112572178244591
0.6895167231559753,0.8975841999053955,4.062648883973452e-07,0.47946324944496155,0.46032267808914185,-0.04261764511466026,0.5890660285949707,0.14995433390140533,-0.04317174479365349,0.6967127919197083,0.08073931932449341,-0.043437279760837555,0.7587730884552002,0.13735924661159515,-0.058048315346241,0.8291491866111755,0.24738964438438416,-0.06178155913949013
0.6914705634117126,0.8955569863319397,3.7960964505145967e-07,0.4751901924610138,0.46625426411628723,-0.03857696056365967,0.5764113068580627,0.15267308056354523,-0.04124567657709122,0.6852409243583679,0.08109820634126663,-0.04101257026195526,0.7443242073059082,0.1264519840478897,-0.05534876510500908,0.8116958141326904,0.23699788749217987,-0.058198247104883194
0.6910155415534973,0.8957206010818481,3.515040418733406e-07,0.47055572271347046,0.4819115102291107,-0.039702802896499634,0.556691586971283,0.16905079782009125,-0.042483679950237274,0.6562881469726562,0.08957307785749435,-0.039583660662174225,0.7090271711349487,0.12648561596870422,-0.05075877904891968,0.7779250144958496,0.2268717736005783,-0.054254017770290375
0.6886928081512451,0.8949428200721741,3.0735978384655027e-07,0.4699435234069824,0.4899115264415741,-0.03345949947834015,0.538731575012207,0.1856863647699356,-0.03696172684431076,0.6280966997146606,0.10238511860370636,-0.035872042179107666,0.6804599761962891,0.1280696988105774,-0.047635260969400406,0.7450324892997742,0.22664551436901093,-0.05292931944131851
0.6886696815490723,0.8972809910774231,3.234136443097668e-07,0.46913406252861023,0.49884673953056335,-0.042414452880620956,0.5371045470237732,0.19239526987075806,-0.04917958751320839,0.6039906740188599,0.1083308607339859,-0.04938703030347824,0.6555514931678772,0.13020651042461395,-0.05726518854498863,0.7219226956367493,0.2262955904006958,-0.06118213012814522
0.6882953643798828,0.8967210650444031,3.3002524446601456e-07,0.4711340069770813,0.4981785714626312,-0.02788371965289116,0.5339238047599792,0.18908675014972687,-0.03477983921766281,0.587186872959137,0.11024382710456848,-0.03719610720872879,0.6404165029525757,0.13566891849040985,-0.045692481100559235,0.706580400466919,0.2233022302389145,-0.05285193771123886
0.6876577734947205,0.9012158513069153,3.358884725912503e-07,0.46958595514297485,0.501324474811554,-0.03047950193285942,0.5362954139709473,0.18971168994903564,-0.03385681286454201,0.5806139707565308,0.11283307522535324,-0.034353382885456085,0.6325413584709167,0.13276998698711395,-0.04070877283811569,0.6964357495307922,0.2223246991634369,-0.047833479940891266
0.6894882321357727,0.9023362994194031,3.380868349722732e-07,0.46422502398490906,0.5093837976455688,-0.030458493158221245,0.5321899652481079,0.19208717346191406,-0.02985503152012825,0.5747136473655701,0.11597497016191483,-0.030523261055350304,0.6273834705352783,0.13500630855560303,-0.03630468249320984,0.6898737549781799,0.2204054892063141,-0.04334799200296402
0.6901161670684814,0.9036511778831482,3.3060464943446277e-07,0.4611707627773285,0.5183734893798828,-0.02917487733066082,0.5245515704154968,0.20188841223716736,-0.028440585359930992,0.5679861903190613,0.12114071100950241,-0.029871288686990738,0.6189298629760742,0.13662922382354736,-0.037626978009939194,0.6831777095794678,0.21721689403057098,-0.04546966403722763
0.6900789737701416,0.9046373963356018,3.2985462894430384e-07,0.45712265372276306,0.5270715951919556,-0.030966948717832565,0.5183334946632385,0.2036452740430832,-0.030692877247929573,0.5630566477775574,0.12156406044960022,-0.0333065427839756,0.6141834855079651,0.13883009552955627,-0.04161800444126129,0.6768550276756287,0.21477003395557404,-0.04993226379156113
0.6907141804695129,0.9079607129096985,3.2235331559604674e-07,0.45392030477523804,0.5202606320381165,-0.029261721298098564,0.5210011005401611,0.20153801143169403,-0.03253142535686493,0.5636439323425293,0.1204603910446167,-0.03439594805240631,0.6152212023735046,0.13586284220218658,-0.042061254382133484,0.6795982122421265,0.21371103823184967,-0.04938168823719025
0.6906836628913879,0.9056771397590637,3.2708882713450294e-07,0.4584883451461792,0.5026335716247559,-0.030805138871073723,0.5308994650840759,0.19408166408538818,-0.04063495621085167,0.5726579427719116,0.115105539560318,-0.04335805028676987,0.6265305280685425,0.13208168745040894,-0.05043530464172363,0.692521333694458,0.21441349387168884,-0.05806949362158775
0.6941960453987122,0.904218316078186,3.451727366154955e-07,0.4635768532752991,0.4949776530265808,-0.024650588631629944,0.5446324348449707,0.18186266720294952,-0.030182065442204475,0.589033842086792,0.10587385296821594,-0.03298129513859749,0.6430309414863586,0.12721793353557587,-0.04160483926534653,0.7067452073097229,0.20726148784160614,-0.050349630415439606
0.6961266994476318,0.9069667458534241,3.136384805202397e-07,0.46645376086235046,0.49240392446517944,-0.019982947036623955,0.5471146702766418,0.17747850716114044,-0.02588162012398243,0.5995439291000366,0.09974846243858337,-0.03915439546108246,0.6567089557647705,0.12325216829776764,-0.054132938385009766,0.7224122285842896,0.2017202228307724,-0.06600745022296906
0.6949554681777954,0.9092860221862793,3.293334600584785e-07,0.471591979265213,0.4875190556049347,-0.02765456587076187,0.5554003119468689,0.17234450578689575,-0.034617822617292404,0.6112154126167297,0.0948684811592102,-0.047466449439525604,0.6694700717926025,0.12232697010040283,-0.06192431226372719,0.7367808222770691,0.20903757214546204,-0.07360593229532242
0.6960396766662598,0.9067320823669434,3.450169572261075e-07,0.4793384075164795,0.47597619891166687,-0.025546716526150703,0.5717183947563171,0.1650606244802475,-0.029917458072304726,0.630856454372406,0.08853940665721893,-0.03940769284963608,0.6867786645889282,0.11619114130735397,-0.05371914431452751,0.7554587125778198,0.2087831050157547,-0.06459293514490128
0.6941377520561218,0.9045431017875671,3.756076978334022e-07,0.49077287316322327,0.4523197412490845,-0.03361828252673149,0.5896885991096497,0.15301989018917084,-0.03996826335787773,0.6596425175666809,0.07957352697849274,-0.04320433735847473,0.7155677676200867,0.11987338215112686,-0.05180872604250908,0.7806496620178223,0.21969273686408997,-0.05959334596991539
0.6920544505119324,0.8996138572692871,3.4706414453467005e-07,0.50788813829422,0.427081823348999,-0.029052363708615303,0.6099863052368164,0.1432320922613144,-0.03460024297237396,0.689233124256134,0.07537270337343216,-0.038796182721853256,0.7450751662254333,0.1145482212305069,-0.0488966666162014,0.8087647557258606,0.22601503133773804,-0.054816629737615585
0.6945395469665527,0.8963384032249451,3.440314912950271e-07,0.5251477360725403,0.40392714738845825,-0.03508266061544418,0.6328338980674744,0.13139410316944122,-0.041773807257413864,0.7191587686538696,0.07409926503896713,-0.04305416718125343,0.7749183773994446,0.11931762099266052,-0.05224228650331497,0.830284833908081,0.23648425936698914,-0.056945741176605225
0.6967065334320068,0.8954711556434631,3.649205666533817e-07,0.5366572737693787,0.39426136016845703,-0.042789217084646225,0.6473394632339478,0.12243447452783585,-0.05219133198261261,0.7393101453781128,0.07659769058227539,-0.0505080483853817,0.7979022264480591,0.12479298561811447,-0.05913520231842995,0.849724292755127,0.25082483887672424,-0.06120021268725395
0.6964617967605591,0.8959945440292358,4.014347609881952e-07,0.5405972599983215,0.3901839554309845,-0.044120658189058304,0.6603861451148987,0.11769188940525055,-0.05191781371831894,0.7550737261772156,0.0731796994805336,-0.05098460614681244,0.815606415271759,0.12073802202939987,-0.06157412752509117,0.8630843758583069,0.25224924087524414,-0.0625116154551506
0.6967365145683289,0.8960261940956116,4.0890995478548575e-07,0.5432541966438293,0.38307318091392517,-0.04423205554485321,0.6730853319168091,0.11642453819513321,-0.052770014852285385,0.7717127799987793,0.08002592623233795,-0.05137938633561134,0.8297507762908936,0.13040955364704132,-0.06328032910823822,0.8741167783737183,0.2620064914226532,-0.06687770783901215
0.6999680995941162,0.8958473205566406,4.571106160256022e-07,0.5490204095840454,0.3723786771297455,-0.045336585491895676,0.6870129704475403,0.11167922616004944,-0.05490349233150482,0.785714864730835,0.07216700911521912,-0.05453059822320938,0.8459405899047852,0.13697363436222076,-0.06790001690387726,0.8950604200363159,0.27846139669418335,-0.07009455561637878
0.6994726061820984,0.8937442898750305,4.99452482927154e-07,0.5569376349449158,0.3694307208061218,-0.050928276032209396,0.6992924809455872,0.10655028373003006,-0.05921453610062599,0.802396833896637,0.06810405850410461,-0.05831155553460121,0.8654577732086182,0.1330765336751938,-0.07161779701709747,0.914987325668335,0.28667837381362915,-0.07582735270261765
0.7009896039962769,0.8959235548973083,5.037128971707716e-07,0.5611389875411987,0.3668863773345947,-0.053519707173109055,0.7082634568214417,0.10056160390377045,-0.06301461905241013,0.8137015104293823,0.06947444379329681,-0.06347440183162689,0.8782914280891418,0.1415000855922699,-0.07823522388935089,0.9248756766319275,0.2982460558414459,-0.08154139667749405
0.7043979167938232,0.8949350118637085,5.206657647249813e-07,0.5647623538970947,0.36394593119621277,-0.05389552190899849,0.7135133147239685,0.10021243244409561,-0.060099776834249496,0.8228724002838135,0.070916086435318,-0.05863099545240402,0.8888030052185059,0.14557614922523499,-0.07409496605396271,0.9339871406555176,0.29889923334121704,-0.07692176848649979
0.7023382186889648,0.8968339562416077,5.236624360804853e-07,0.5622383952140808,0.3665863573551178,-0.05515319108963013,0.7107068300247192,0.09778304398059845,-0.0620015487074852,0.8249546885490417,0.0706382617354393,-0.060339123010635376,0.8925269246101379,0.14151832461357117,-0.07563754171133041,0.9327400922775269,0.2967277765274048,-0.07717747986316681
0.7036967873573303,0.9008426666259766,5.158267413207795e-07,0.5533896684646606,0.37008577585220337,-0.05270243436098099,0.7029266357421875,0.10218898206949234,-0.06397993862628937,0.8202205300331116,0.0650685727596283,-0.06535539776086807,0.8860439658164978,0.13661126792430878,-0.08275438100099564,0.9225683212280273,0.2933790683746338,-0.08298619836568832
0.7025272846221924,0.9040311574935913,5.232604394223017e-07,0.5437834858894348,0.37986454367637634,-0.05158029496669769,0.6921684741973877,0.10246794670820236,-0.06406591087579727,0.8072134256362915,0.0570121631026268,-0.06379637122154236,0.8679041862487793,0.12528744339942932,-0.0786576196551323,0.9056137800216675,0.2721514403820038,-0.08024802803993225
0.6966212391853333,0.9072644114494324,4.564663527162338e-07,0.528905987739563,0.3960612714290619,-0.04627571254968643,0.6595354080200195,0.11182501167058945,-0.05464066192507744,0.767967939376831,0.05867883935570717,-0.05669291317462921,0.8292903304100037,0.10632511228322983,-0.07103385776281357,0.8702115416526794,0.24413402378559113,-0.07258877903223038
0.686256468296051,0.9147078394889832,4.417768479925144e-07,0.5072548389434814,0.4222663342952728,-0.05209583044052124,0.6230525970458984,0.12357188016176224,-0.05973844975233078,0.7280689477920532,0.06405241042375565,-0.06070778891444206,0.789970874786377,0.1053241640329361,-0.07273157685995102,0.8357867002487183,0.2345854640007019,-0.07476162910461426
0.6820157766342163,0.9202110171318054,4.415506396071578e-07,0.4896663427352905,0.4522167146205902,-0.05825578421354294,0.5889142155647278,0.14198556542396545,-0.06618127971887589,0.6933984160423279,0.06363990157842636,-0.06573989987373352,0.7514428496360779,0.11082062870264053,-0.07551320642232895,0.7974077463150024,0.2270001769065857,-0.07857141643762589
0.6898826956748962,0.9252803921699524,4.3488807932590134e-07,0.4752648174762726,0.4742031693458557,-0.06333998590707779,0.5641463994979858,0.158199742436409,-0.0643722265958786,0.6658326387405396,0.06928285211324692,-0.06428009271621704,0.7246253490447998,0.1014261320233345,-0.07428339868783951,0.7727671265602112,0.21740935742855072,-0.07686951011419296
