0.0,0.0,0.0,-0.1761698449754418,-0.8486142538696174,-0.0721718270899961,0.002875154318670082,-1.3125294651451271,-0.08082556808565099,0.12629401487447317,-1.3816818516880032,-0.091746473953504,0.22252403306172353,-1.2735635091142574,-0.10890075134626345,0.30428163113636236,-1.0793616660764138,-0.11551951695760186
0.0,0.0,0.0,-0.20530475601436593,-0.8326138351626495,-0.07488051094578554,-0.03446822847110852,-1.307136388904705,-0.08177419834732925,0.09694246025798674,-1.3790131193657673,-0.08778546308342296,0.19504345723850425,-1.2882648452069947,-0.10524709655323142,0.2719272907314067,-1.0979239348667118,-0.1122013290838946
0.0,0.0,0.0,-0.3582952313151879,-0.7062877992650053,-0.07860854703305685,-0.3026602344248023,-1.2059420956413212,-0.07198068700441561,-0.19697264289264504,-1.3664523926699113,-0.06663797651098767,-0.08818793228776653,-1.346028119418844,-0.08291003193157598,0.03217603680096723,-1.2213676600103407,-0.08957445683902003
0.0,0.0,0.0,-0.4536469616195217,-0.6305427135191569,-0.08040055193921321,-0.44703355125550326,-1.15342871872677,-0.053633674146883394,-0.34425597625169696,-1.3329137488106375,-0.05581396892004327,-0.23007483132145248,-1.3272264373162628,-0.07070579719031225,-0.08693283385845517,-1.2486865902963853,-0.07943837096566049
0.0,0.0,0.0,-0.2614650840742864,-0.7928290823639095,-0.08431460877387907,-0.13844002500042404,-1.274469526906639,-0.09078373613213875,-0.030741923744375614,-1.3814011541455262,-0.09536575172068112,0.07646708786274073,-1.3116282881596302,-0.10704853619797423,0.1792067450046014,-1.1528107423363072,-0.11697467368618625
0.0,0.0,0.0,-0.22966106553692003,-0.8191087230220816,-0.07955703671409335,-0.0961557019104225,-1.2895244833474648,-0.07822123872260553,0.021577977193702084,-1.3802371250579892,-0.08619769364229249,0.12569168036096504,-1.3027653141216933,-0.10261813651541016,0.21403949380091714,-1.1287044793775551,-0.11129577313521792
0.0,0.0,0.0,-0.3364109159622448,-0.7306884647908275,-0.08659693497171472,-0.25469082271361315,-1.2354901849618591,-0.07079760147868368,-0.1540558093335065,-1.3657179251099865,-0.06902256542939977,-0.050176238439055054,-1.3410582229020693,-0.08358696073448202,0.06322921561544101,-1.2018591167070385,-0.08860167457604451
0.0,0.0,0.0,-0.4498516356654113,-0.6519815367966206,-0.04915526538727823,-0.45243841141030994,-1.1496112860383496,0.025150561280442723,-0.34797016495216787,-1.3283681515634365,0.00382211044377829,-0.2339424669881466,-1.3202146604838778,-0.02832649169408601,-0.10059740024348905,-1.2518455960995472,-0.03586465233501609
0.0,0.0,0.0,-0.34458134342284413,-0.7288538740366312,-0.09241380130438517,-0.2920474911670423,-1.2229470713436743,-0.07536480849480187,-0.18605739340596486,-1.357495156857393,-0.07356133742489762,-0.07410026160161748,-1.330094490347435,-0.08545148493544757,0.05092448297953751,-1.2170413866763903,-0.09584297579960267
0.0,0.0,0.0,-0.22342812253665664,-0.8345067803474415,-0.0704353097764787,-0.08591842107648043,-1.2929767079907148,-0.06680837903580797,0.029135522455967733,-1.3810464263496216,-0.07706459129384449,0.13008791717423387,-1.2940948710972908,-0.09598624678596723,0.22747096351840385,-1.120352484872222,-0.10506366848977226
0.0,0.0,0.0,-0.2732187029598293,-0.788044079084405,-0.06407181644957123,-0.15488354439124224,-1.273912548672033,-0.06887511513255025,-0.04092650454741354,-1.3776957420185938,-0.07700070175302726,0.06934766201412512,-1.316937356500351,-0.09654694437476942,0.16655087409911842,-1.1590243259204134,-0.10462461948503012
0.0,0.0,0.0,-0.4320752994650579,-0.6726179738503828,-0.06395931542635874,-0.4213953506833755,-1.1533850228042213,0.013287579575072777,-0.3157888526105817,-1.3389567604054862,-0.014321850287181574,-0.19988751299858254,-1.323111115266633,-0.059011777550092265,-0.07575962070487889,-1.2501677626060013,-0.07638245066891351
0.0,0.0,0.0,-0.3525314498259763,-0.7204116412761209,-0.09008098045650806,-0.2926526267436032,-1.22394868321828,-0.075115930205456,-0.18864787563417795,-1.3621198600305753,-0.07514307299577846,-0.07848519349956522,-1.3310789797334275,-0.08848573025658232,0.044610991177127884,-1.2139195333338528,-0.09853786754054798
0.0,0.0,0.0,-0.2126412295262229,-0.826332331372179,-0.06667714107135762,-0.07066408090656431,-1.2892468476121604,-0.07366052122690087,0.03690215774019149,-1.3866438469610396,-0.08436747489102112,0.137939944979037,-1.3016682490615867,-0.09948078441336618,0.2244134568713395,-1.1210548462087329,-0.10851714138484386
0.0,0.0,0.0,-0.23956539191552195,-0.797067630571887,-0.06026220594023122,-0.1086488254519619,-1.2841524555555928,-0.06347253370102815,-0.003582681103351186,-1.3853527092234779,-0.07472873292020284,0.09635126551033556,-1.315602168982763,-0.09433425334813905,0.18582630406499792,-1.1456423734491934,-0.1050715211028263
0.0,0.0,0.0,-0.3777898629194845,-0.7108794549758364,-0.06220227724287755,-0.3280676355233431,-1.1999937628662845,-0.03413023493757072,-0.22620649049551123,-1.354991015741191,-0.04961819747890625,-0.11900990008935008,-1.329732786000211,-0.07327370355503456,0.00241055522766815,-1.2336228588520093,-0.0824045061858051
0.0,0.0,0.0,-0.3631255859072405,-0.7119156844167269,-0.0445326645886344,-0.30965154133062583,-1.208172163315863,-0.019378302765990695,-0.20577879347419162,-1.3563181006336424,-0.03682115468369805,-0.10513603842430093,-1.3312157346954345,-0.06262643321308915,0.016048177058654432,-1.2406201727288677,-0.07597091904304455
0.0,0.0,0.0,-0.25782109290614297,-0.8111372166598811,-0.055177541130411636,-0.14227795615852246,-1.2623898633946546,-0.0442583818778375,-0.042084579824279655,-1.372821512714225,-0.061039067150480866,0.0605197816761755,-1.314082337666792,-0.07994460281447,0.1570746892003356,-1.1692690034287783,-0.09013186012432375
0.0,0.0,0.0,-0.28767438870371576,-0.7808683797284542,-0.07154968288749194,-0.17805363615229874,-1.2607809684381936,-0.06418825363258053,-0.07185665033677316,-1.3738569987968914,-0.07119678460171261,0.028518361149400755,-1.3243014910701878,-0.0904961236432873,0.12567625120464068,-1.1734504184512895,-0.10217570342258811
0.0,0.0,0.0,-0.42318755476611025,-0.6739488158770521,-0.05841371889062684,-0.39597771164336,-1.1659091965214015,-0.021379849799461018,-0.30061639024866815,-1.3394268938486635,-0.03923031576165448,-0.19357286025613682,-1.3311593670871902,-0.0644036763452292,-0.06299327063122938,-1.246723399497174,-0.07474052938643107
0.0,0.0,0.0,-0.3996104238320906,-0.6925411328691368,-0.06405551242817248,-0.37237068450782757,-1.1807476015862786,-0.03521498614935773,-0.2676260012728004,-1.3460374235959394,-0.045023447879701306,-0.16267599752391562,-1.3302147108934939,-0.06492531616591003,-0.03834231723868983,-1.241660002445387,-0.07445509128570765
0.0,0.0,0.0,-0.2693352289731189,-0.7820806758456554,-0.07202595647647585,-0.1613191726290479,-1.2714484590710984,-0.07510847033434669,-0.05880249468602168,-1.3800148115449076,-0.08752372290661736,0.0442164318281696,-1.3160784857533716,-0.1016404607952234,0.14983654108316347,-1.1663396934318178,-0.1103986671532195
0.0,0.0,0.0,-0.26954377967219323,-0.7754110971817754,-0.085365070660865,-0.16083237879309556,-1.2771686304889636,-0.08992657548572643,-0.055877981736093575,-1.3829499347494303,-0.09491910367986733,0.04993379317018914,-1.3186963677534325,-0.10750709934955464,0.14802746965502586,-1.1577438041549921,-0.11595141110641863
0.0,0.0,0.0,-0.40555831954649035,-0.6603054387434178,-0.07484148658566879,-0.3844332110990071,-1.1909088834607775,-0.022395682534752916,-0.28662587996373595,-1.3594659454777198,-0.04715039398706414,-0.16460733789776405,-1.3341628492800046,-0.08395139314262036,-0.04080212405083043,-1.227974826200143,-0.10123043660194633
0.0,0.0,0.0,-0.29368587621531944,-0.7587109273384226,-0.08395878366004818,-0.2024255830743886,-1.2589372886771182,-0.08716458032317338,-0.10395429936294814,-1.373034015646905,-0.0935288049666929,0.004913574289993002,-1.324669416506229,-0.10409909270264163,0.1165623440051564,-1.184018179320074,-0.11334236478170392
0.0,0.0,0.0,-0.2165539906594881,-0.8071348868636117,-0.07629681452379129,-0.09216961019952469,-1.290671518437339,-0.08588824513768009,0.02351282033788298,-1.3918730989343573,-0.09759692402859045,0.12226294288807887,-1.3003060640998876,-0.11460324111282097,0.20849432101126184,-1.1316244106330826,-0.1254500886584939
0.0,0.0,0.0,-0.33575719780439894,-0.724850507701956,-0.07859847457365729,-0.25906991321611905,-1.2396503795088687,-0.06349091257344078,-0.15517928857843044,-1.3673843887917736,-0.06475271061366554,-0.045967667257746384,-1.3409557280325959,-0.07821911769554571,0.06704489155205696,-1.2026643778030264,-0.08570747948144385
0.0,0.0,0.0,-0.3920232013110399,-0.6899377831709484,-0.07630931550642318,-0.36336964199649435,-1.1938670600293464,-0.03923032553968626,-0.2600949648379411,-1.3490362744629536,-0.04457942294488328,-0.15342431568773454,-1.3381978776133294,-0.06514940887833466,-0.028140896051883815,-1.2284788124095531,-0.07528924841149161
0.0,0.0,0.0,-0.26501891667082206,-0.7847702562082323,-0.06485039526612152,-0.16677477440320732,-1.2655671904915682,-0.06839501484329326,-0.06481771652542374,-1.380513402791937,-0.08336940629005664,0.04032715070568735,-1.3194651866026348,-0.09907139569998656,0.13800718678226567,-1.1692052303159903,-0.11026599818401525
0.0,0.0,0.0,-0.23623715728361255,-0.7973785240464178,-0.07054334233198804,-0.11869336491256934,-1.2851964245684273,-0.07851802199721461,-0.011439765220303908,-1.3892657526793566,-0.08656796215329612,0.0924477775621902,-1.3116662792245108,-0.10150382669145036,0.18286819232964094,-1.1416067442622404,-0.11108900408631528
0.0,0.0,0.0,-0.3918652653878804,-0.6882484981834001,-0.08300959508628042,-0.35684078189071106,-1.1932824589846778,-0.057147424408715994,-0.25780827376927745,-1.3585740816093894,-0.06335534359379882,-0.14496181313984666,-1.3301061697085084,-0.0807567641215677,-0.019741233232189345,-1.2288208752655851,-0.08877660105932444
0.0,0.0,0.0,-0.3455967242992698,-0.7166056993162581,-0.08322289725363498,-0.28251496539529397,-1.2228876540379905,-0.07352664248379578,-0.19106470219487548,-1.362020075300688,-0.07895148511240457,-0.085310372547754,-1.3312366939312301,-0.08992521347377103,0.03506103337321156,-1.2236236114670824,-0.10003477953145803
0.0,0.0,0.0,-0.2570790344314946,-0.7952407235299416,-0.05396620674883803,-0.14932803758745725,-1.2658527961108326,-0.05738474167102563,-0.05183493978886915,-1.3757554270759447,-0.07182522449089217,0.04222630547338327,-1.3189730503132424,-0.08904504533856711,0.14237199993578747,-1.1723011506765413,-0.10213231928476302
0.0,0.0,0.0,-0.339698074780514,-0.7404140236987924,-0.07429751328871624,-0.26762328303885474,-1.227187147454832,-0.06872085028568259,-0.16630600344873175,-1.3646392042365267,-0.07065146180852809,-0.06107155240367646,-1.3394008466337728,-0.08520824708177725,0.05064705423600215,-1.199564848599147,-0.09053774962771605
0.0,0.0,0.0,-0.42872630086143126,-0.6355214765228785,-0.07582623050921054,-0.4387112445543967,-1.1569047222800706,-0.05022774117930473,-0.33843586288786603,-1.3418454962218413,-0.0566895697038877,-0.2211801597292344,-1.3355481603309052,-0.08064949961965504,-0.0860893106665757,-1.2438274607125324,-0.09165101477086952
0.0,0.0,0.0,-0.3154100999855105,-0.7462970954986753,-0.0855892249647012,-0.2415648761790441,-1.2451668961134126,-0.08578950417682514,-0.1411360135758752,-1.3690390157999026,-0.08960634967219534,-0.0278669110018289,-1.3258744219332754,-0.10159552905422249,0.08553687235162234,-1.196414746017491,-0.11255567026876091
0.0,0.0,0.0,-0.22708030453764352,-0.8174547968839154,-0.05959243587825947,-0.10642395296124249,-1.2880169504339547,-0.06837034947981024,0.0069476912057346496,-1.3833459587790118,-0.07940486964261052,0.11591340841857682,-1.3038531428656637,-0.10077027599197529,0.20949237736650458,-1.1321461977850684,-0.11177775432972112
0.0,0.0,0.0,-0.33081595462304564,-0.7524522246101755,-0.0704943226550291,-0.2540949574606624,-1.2505987908449758,-0.05696540258938719,-0.14065842528096426,-1.3680241379738725,-0.05642434993638069,-0.030521796423140173,-1.3275595861549232,-0.07343747889166534,0.08130727529280103,-1.185660048427629,-0.08192054619912789
0.0,0.0,0.0,-0.42071023223257575,-0.6668937556720734,-0.05778350064684102,-0.3974509192909256,-1.174865610795721,0.012886358889328528,-0.2986903685918066,-1.3511697099509374,-0.011219871403342935,-0.18620600175396448,-1.3317071075252387,-0.05352534392386574,-0.05754350597231212,-1.2361238693585346,-0.07060935684781075
0.0,0.0,0.0,-0.35362552520676765,-0.7303913599676708,-0.08126980464843624,-0.2960786859397452,-1.2256975389559692,-0.07811648887361297,-0.1934956159986363,-1.3560569344959277,-0.08110735277298746,-0.0841306102425632,-1.3246182203071928,-0.09383203500483991,0.03649081436984145,-1.2131643119728328,-0.10547204762247407
0.0,0.0,0.0,-0.23752646611859698,-0.8317979619368095,-0.05330969330908745,-0.1083077580450668,-1.2830404462763634,-0.051109614123863716,-0.0035832950481291255,-1.3774569369856569,-0.0689143346403876,0.09788923885211924,-1.2974271139524733,-0.08835352595532248,0.19266008414021896,-1.1411908154933073,-0.09701600824443604
0.0,0.0,0.0,-0.23864293245290083,-0.8161428557656685,-0.06811953030549894,-0.1250316362622372,-1.2817434772253182,-0.07031343078850393,-0.01655301523770199,-1.3787021552445153,-0.07764721938071897,0.09080387828185478,-1.3060114931370053,-0.09544905004568999,0.1791553559159479,-1.1448762742700298,-0.10534616125670342
0.0,0.0,0.0,-0.40115409033227256,-0.7042205426765376,-0.06211292828500366,-0.3720267125200936,-1.1924267051403143,-0.029535680869192456,-0.26661432694899556,-1.3466038578747979,-0.041651365691952956,-0.15205411324340304,-1.3257262704293444,-0.06306118304128201,-0.029885163723351937,-1.225927056471574,-0.07219391764652332
0.0,0.0,0.0,-0.3865167560378912,-0.7166290693419314,-0.05660676087560771,-0.36150936593744865,-1.1956511203005304,-0.02219940994257399,-0.2586353505814009,-1.3470374811671908,-0.03296815928233777,-0.14045692131214968,-1.3275905719179213,-0.05213629970778394,-0.013801296608351294,-1.224836891760666,-0.061441658997027394
0.0,0.0,0.0,-0.25876991203724725,-0.8019086609748526,-0.06546277727615865,-0.1519706900744524,-1.2750224614958663,-0.06884510649446084,-0.04384005822006784,-1.374835824270401,-0.07635237492260141,0.06561826606145972,-1.310093578705809,-0.09011546803266454,0.16813422548875367,-1.1598768812939262,-0.10238315298365604
0.0,0.0,0.0,-0.2055951368507478,-0.834451377727605,-0.06905170808443575,-0.07246467680962214,-1.3031322947423944,-0.07940803694430489,0.04422277042129722,-1.3841602848452177,-0.08884288595625207,0.1471084398864042,-1.2909745308739868,-0.10696503857534692,0.23831142652305068,-1.1075302944810665,-0.11624366764986728
0.0,0.0,0.0,-0.2851845723599932,-0.7792139998770785,-0.07292649967476206,-0.1748453309698942,-1.2719303425736206,-0.07428084633040458,-0.06592721533301073,-1.3772630492000977,-0.07682534705550739,0.040806649988238894,-1.3227979283250968,-0.09230720242540012,0.139506646260259,-1.1608054566967403,-0.09944360234318825
0.0,0.0,0.0,-0.4258008425147939,-0.6681515978631231,-0.029081622927670026,-0.4244693730789949,-1.1576373054714717,0.0611015553650055,-0.32021278932266,-1.3431029877924885,0.022632057373397154,-0.2032827083309314,-1.3274272206458757,-0.027259346705498455,-0.08097074729102051,-1.2449355327060188,-0.04936691821145434
0.0,0.0,0.0,-0.35122681670408945,-0.7227270567506056,-0.08829600388475693,-0.29789878718957136,-1.2249411135018804,-0.07050348927269279,-0.19827573433106746,-1.3628830943371375,-0.07368975429029079,-0.08166158116943291,-1.330726994272012,-0.08605430149219771,0.04090199044444111,-1.2092132641144786,-0.09707301449648548
0.0,0.0,0.0,-0.23682549336620878,-0.8212363729506127,-0.06162861739943262,-0.11135110356318642,-1.2914707286368972,-0.06852870637851925,-0.004453339195520863,-1.3776987381904782,-0.08186672275977779,0.10431235305224547,-1.3037005599207492,-0.09682980778096277,0.20214082883018336,-1.1307125601859311,-0.10495141503399114
0.0,0.0,0.0,-0.2368542164300483,-0.816731975126657,-0.07191733749190474,-0.11207902072841665,-1.291977620645736,-0.07610802224511003,0.0015869212921333633,-1.3880827363495465,-0.08565963444944841,0.11142941114483124,-1.299116173743859,-0.10203072240492127,0.19857418810714972,-1.12594265015667,-0.11334626467847822
0.0,0.0,0.0,-0.3793900156275709,-0.7143748063441332,-0.07149183945805343,-0.34926307833874104,-1.2023541755573477,-0.029552711078048334,-0.24393357323554202,-1.3614663589192422,-0.0437569123090712,-0.12714108700988108,-1.3275511713739425,-0.06880576756201905,-0.009725466754411789,-1.213662767684107,-0.08003032262903823
0.0,0.0,0.0,-0.33806667364119586,-0.7460138404666823,-0.08263453204041006,-0.2883340861271229,-1.2334970586034437,-0.05593310974105462,-0.18229289175232638,-1.3619675276204164,-0.06006430637489485,-0.06963977679346188,-1.3228693928086488,-0.07647009975862698,0.04791156051850056,-1.2023451893225692,-0.08766149618401768
0.0,0.0,0.0,-0.21234786523668953,-0.8459101985187141,-0.06219022680888868,-0.07395317733027941,-1.2976510934108503,-0.070006048853066,0.03502517346995171,-1.3790989832825407,-0.08409492347823974,0.14126410196481662,-1.2881330900113583,-0.10007323864405746,0.23549146659413925,-1.1123330035970842,-0.10868515833666366
0.0,0.0,0.0,-0.2064525926024975,-0.8424627865988414,-0.06535195196173084,-0.06539078200719853,-1.2976884371368347,-0.07118680084099685,0.05213520437702872,-1.3828748588264685,-0.08053872541401856,0.15620647429045972,-1.292273974130672,-0.09676689547891087,0.2389312629739603,-1.1068328066483957,-0.10725213390616209
0.0,0.0,0.0,-0.37845773581609693,-0.7182903359941712,-0.06636703165648451,-0.3375612319172115,-1.205176972239242,-0.040869067427775595,-0.234798876937039,-1.35238736515042,-0.051247965708135355,-0.12653707758385388,-1.333195057327295,-0.07393289689435313,-0.00754282757897798,-1.2155486429032738,-0.0825476618524164
0.0,0.0,0.0,-0.38088429740631846,-0.7175454619972585,-0.05620550574031707,-0.3519014631891561,-1.2032498069523927,-0.0272727647244966,-0.24851517327799025,-1.347428486390066,-0.04096331084141046,-0.13395197432731795,-1.3275494149024663,-0.06228154397848732,-0.009227974876207528,-1.2229975440372327,-0.0733420100657275
0.0,0.0,0.0,-0.2710996783295226,-0.7964340313181048,-0.062026466143086406,-0.17796685769498166,-1.2665809280307592,-0.057372926256496676,-0.07439557794415125,-1.374588426843202,-0.07233681679331003,0.031075262075709088,-1.3141723435996224,-0.08820440004715979,0.13534946805766324,-1.1681147795343518,-0.09915139081071628
0.0,0.0,0.0,-0.2328348102326537,-0.8185420210852353,-0.05855075235782467,-0.1224289940133559,-1.2873768450264726,-0.060364013281245084,0.0011390190741842666,-1.391373846151991,-0.07483296967494692,0.10182741118256465,-1.3039605693648115,-0.09796331007541545,0.1940759759280726,-1.125723663939216,-0.10776665234412651
0.0,0.0,0.0,-0.3568999467616167,-0.7330101089202395,-0.0709060322897184,-0.3054118027503433,-1.2108300888004513,-0.05922160941640738,-0.2006944211142281,-1.3575741059441149,-0.06688770254948107,-0.10243471391652681,-1.3341591382807934,-0.08710043148081015,0.017704848253826698,-1.2125326717208746,-0.09793335308989114
0.0,0.0,0.0,-0.41759864406097735,-0.6659312800034196,-0.014245598196353258,-0.3930699697557188,-1.1761122262829686,0.05131869232531589,-0.2992254524500198,-1.3550496013293878,0.014978910374408152,-0.19095710508065386,-1.3296419393822319,-0.029643168370331124,-0.06188646733088413,-1.2389932944588955,-0.04430578758989058
0.0,0.0,0.0,-0.27575976874235136,-0.7859478457073916,-0.07600004706543172,-0.17579613555578524,-1.2668755430803949,-0.08252687663455795,-0.07566611754750169,-1.3773693131247249,-0.08727053318118362,0.03345327709931617,-1.3162740935445083,-0.09656974984217646,0.1389285683745748,-1.1664936497066385,-0.10594119107477876
0.0,0.0,0.0,-0.20306463799245836,-0.8283164278542401,-0.058121328931574456,-0.07610705956293518,-1.30241483253275,-0.07237743356940608,0.045912324824344174,-1.387288412635467,-0.08366931110745113,0.14142573305733774,-1.2972189541098884,-0.10517568177999309,0.23438330387925702,-1.1085048883387518,-0.11495974408769462
0.0,0.0,0.0,-0.2560539820983775,-0.7999007009331738,-0.07742118900733987,-0.15015713143760037,-1.2809261520886601,-0.0774417444654908,-0.035815622867656424,-1.3800072704912953,-0.08285422148360462,0.06680010998949486,-1.3165251620230407,-0.09745278451560813,0.1598679198976387,-1.1437104259810709,-0.10685896667449217
0.0,0.0,0.0,-0.4136767333209253,-0.6764065892668605,-0.04952558493221947,-0.38460492919254224,-1.1730747449257155,-0.030984051038049076,-0.29576048584618103,-1.3425396000478602,-0.04405571609381432,-0.19001018668762285,-1.3413348319272185,-0.0690355628893955,-0.06610026584969275,-1.2345910314021886,-0.07697597196490562
0.0,0.0,0.0,-0.42499453852647867,-0.6676190392508817,-0.03321813159793879,-0.4225093469602807,-1.167888729954666,0.010685882850954832,-0.3164475971875391,-1.3378352269570357,-0.017716469734536767,-0.20951948672136433,-1.327202609657515,-0.05097713299904164,-0.07815074263649353,-1.242352243026808,-0.06311328273650292
0.0,0.0,0.0,-0.2949864091213708,-0.7663188802346232,-0.06979987823148127,-0.2238714517192906,-1.2539546034181295,-0.06755038151292247,-0.12219589504071253,-1.3718139018591944,-0.07332569388471691,-0.015921005093661362,-1.3213104268671954,-0.08678421698808403,0.10107447098278324,-1.1886916519190047,-0.09656980934194763
0.0,0.0,0.0,-0.21474184760501122,-0.8288190205477987,-0.04882493345792905,-0.09327843699232467,-1.2890451893397548,-0.05117914730577922,0.020963605999235534,-1.3836576953341764,-0.06647863871298458,0.12114079911207792,-1.3006562229082723,-0.08843068837188338,0.22057342077726702,-1.1287443937295272,-0.09852221003135415
0.0,0.0,0.0,-0.26039016629487977,-0.7998859025602133,-0.04684615611389273,-0.1558865771801719,-1.2686343234329769,-0.04845781517108998,-0.045947918770132955,-1.378208980691341,-0.059585937506675055,0.06073314106803678,-1.3193965578905138,-0.08034780624336771,0.15942716501361137,-1.1604937607473982,-0.09075462931906675
0.0,0.0,0.0,-0.4361489983724433,-0.6624432350795549,-0.0141148612040853,-0.43821132703706084,-1.1472631111958402,0.10767484685068207,-0.33461723041624575,-1.3405239667749218,0.05511558438579554,-0.21778064712550407,-1.3199668226793417,-0.007275704094119154,-0.09406021882570953,-1.2493076807719803,-0.035292171682957896
0.0,0.0,0.0,-0.3728093704350945,-0.7102619411609616,-0.05111109933532897,-0.3420164340570648,-1.1982442141613774,-0.03156751662070735,-0.2462986283420382,-1.351661686854915,-0.04624639248920638,-0.13265972143801097,-1.3322251704717116,-0.06720930507452766,-0.006318899160580628,-1.2320465123052153,-0.07782939583999035
0.0,0.0,0.0,-0.23260952510703053,-0.8235395625677399,-0.03035757488712245,-0.11174504592910461,-1.280112187215642,-0.02659803785090129,-0.00773203008685091,-1.380503481594485,-0.05042456399302055,0.09370345802060594,-1.3053315814362563,-0.07427869703817379,0.1926233675577074,-1.147088709535972,-0.08435444746649615
0.0,0.0,0.0,-0.20313623772841885,-0.8376850062821486,-0.03794243911007772,-0.09162553558643238,-1.2838124173683978,-0.0416276985695866,0.02131800140508403,-1.3825395231721427,-0.06066650767327972,0.132113936008903,-1.298088611115144,-0.08578883248960308,0.2212527258514928,-1.1322022297391092,-0.09838283508845905
0.0,0.0,0.0,-0.35102973768137347,-0.7310855576804751,-0.058969511756905874,-0.29480430230727744,-1.2133727959976266,-0.04019993634639227,-0.20252533023718808,-1.3607537426004723,-0.048556113162847456,-0.09650904223410406,-1.3357317070510868,-0.07016679231617332,0.020886387443386157,-1.2172724365024237,-0.07721641400790756
0.0,0.0,0.0,-0.4436759960426293,-0.6557392341890966,-0.0345640033414628,-0.44302530648663513,-1.1446558133815126,0.08074169720511389,-0.34294771634124566,-1.3325379829806896,0.04211216471530149,-0.22931239771637688,-1.319282652545402,-0.01500582400574313,-0.10000426036562009,-1.2572125357491208,-0.03632890647631982
0.0,0.0,0.0,-0.36628940242128094,-0.7274563153926317,-0.06213335251622395,-0.33517091681159583,-1.2022916055517636,-0.040703777195675264,-0.2387419469853508,-1.3474043254731576,-0.05145688109249687,-0.12357715889483477,-1.3252969683012008,-0.0689005954107928,0.0026416460082118406,-1.2296574192476029,-0.07871194975155639
0.0,0.0,0.0,-0.2316802497510432,-0.8210673280194689,-0.060056898678247345,-0.10914811828919806,-1.2822277899633732,-0.06447918416751927,-0.0030415874975042766,-1.3793511171156614,-0.08098506004494303,0.1023487032345635,-1.3011191034970844,-0.09905359143312732,0.19920525345615794,-1.1433862793022158,-0.10838746765619905
0.0,0.0,0.0,-0.20125120760893467,-0.8326671396782201,-0.05685462262635952,-0.07597758049184317,-1.294459172085122,-0.06945954163590967,0.03641265746433039,-1.3910339423363955,-0.08633651844562665,0.14084623615748618,-1.2937097381779257,-0.10569239028132751,0.2286676655297306,-1.113897473175299,-0.11672305258793544
0.0,0.0,0.0,-0.3326262973501871,-0.7425163523457441,-0.08052671618029876,-0.26826874784653165,-1.2435140608223574,-0.06767701961917934,-0.15170135495156056,-1.3708283227483906,-0.06707126553899151,-0.039539101157368785,-1.330530719561647,-0.08483792635500241,0.08029624724028754,-1.1875831727531518,-0.09196440028301853
0.0,0.0,0.0,-0.42823229107474386,-0.6577417981462355,-0.06702028784328556,-0.42574251139185937,-1.1641454387206394,0.0005165951619746893,-0.31702236322128924,-1.3486404428987713,-0.019844040431885028,-0.19404875921772022,-1.328955371345078,-0.05671315511307084,-0.05878239468547597,-1.2396526297812056,-0.06864197805710223
0.0,0.0,0.0,-0.3417615554579221,-0.7356537995085144,-0.0732764998295779,-0.2897280731854953,-1.2211109562968272,-0.0645072555483208,-0.18588859245792755,-1.3638348767505257,-0.07050294759373539,-0.07125806320609736,-1.3340731115861686,-0.08743788120583386,0.05570466964138836,-1.2065541903635628,-0.09767091336001588
0.0,0.0,0.0,-0.21702105719072512,-0.8337827213952858,-0.05622572396564035,-0.07753709217133174,-1.2990706003887424,-0.06778858499027544,0.028906876383996617,-1.381812176695815,-0.08288953720416425,0.13491843624741057,-1.2959075298962872,-0.1014457501075098,0.2347066273561038,-1.1122320525562013,-0.10966050165365204
0.0,0.0,0.0,-0.22348469769787987,-0.8224009260438562,-0.06475401618524668,-0.09343528232122911,-1.2956795284553075,-0.07091252450514357,0.030138124219068117,-1.388567334909869,-0.08145134509998828,0.13662478560265554,-1.3015854221210224,-0.10172328647699572,0.22579992588296233,-1.1122332483769952,-0.11138741690005784
0.0,0.0,0.0,-0.38026621324631044,-0.7186279435118692,-0.0443915031783258,-0.3549806348560171,-1.205064190684245,-0.004927171878839417,-0.24750948755349506,-1.3530203467731687,-0.025484743990250875,-0.13370247140880187,-1.3242908963923636,-0.05636732144029283,-0.013780241408548388,-1.2196610742017926,-0.066624379603448
0.0,0.0,0.0,-0.3922796747849423,-0.7159293826616996,-0.04441827148422956,-0.3693762095359112,-1.198048553853629,0.04414397000967918,-0.26600369095910065,-1.3435622072551332,0.015535313590122899,-0.1575180442856819,-1.3198723374333625,-0.022090071511686415,-0.031183188869822034,-1.2279618950937639,-0.03330710774538138
0.0,0.0,0.0,-0.28463108440060775,-0.7852007208833646,-0.0698612660287563,-0.20013725361989199,-1.2570577722781269,-0.07296351976250862,-0.09875320953338523,-1.3687643847458018,-0.08067481337616164,0.016083246321267983,-1.3179608239073717,-0.09298519631329921,0.12474165624623491,-1.1798913461156524,-0.10242479744271213
0.0,0.0,0.0,-0.19411742653628933,-0.8466584523263252,-0.07371050041457426,-0.04946480512883002,-1.300169059548083,-0.07247875278842135,0.06232758144308367,-1.3800849241759887,-0.08275829972358112,0.16229006776739968,-1.2894342308281685,-0.10104233283763543,0.24807324726716126,-1.1048556286766917,-0.10931463249195791
0.0,0.0,0.0,-0.2355806933392641,-0.8206259507105673,-0.06147401422990345,-0.10772105128796922,-1.2830082156202467,-0.07007006592844212,0.008884994707908765,-1.3764058084555546,-0.078457360463137,0.11089180543381329,-1.3085989457603167,-0.09613699787653386,0.20368721762599865,-1.1363589797494236,-0.10371420367081828
0.0,0.0,0.0,-0.3591762907643572,-0.7319732391590275,-0.05393845530776395,-0.30134074768176544,-1.2189867357538402,-0.030540132942283593,-0.20677529086845867,-1.3579222898599095,-0.04029376802636329,-0.10261738679486589,-1.3353916867030837,-0.06240276322174797,0.01856386004369914,-1.2097174359902578,-0.06976467178799126
0.0,0.0,0.0,-0.4236233119720934,-0.6722905568868072,-0.06724744144605624,-0.421648538306376,-1.1579310277626182,0.015004225327020743,-0.32598725890895763,-1.3387793715914895,-0.008610481590891424,-0.21459709064972893,-1.3239752288924962,-0.04429846432541552,-0.08607947681235328,-1.2459420378397974,-0.057211409549281805
0.0,0.0,0.0,-0.2930428610445645,-0.776641732272736,-0.06428973782146041,-0.2081320651458112,-1.2500138563712995,-0.06457871310444804,-0.11045234358765321,-1.3676662668491415,-0.07440123328675992,0.0034161852377141925,-1.323438644259836,-0.08666622241567491,0.11217041640575488,-1.1888682251051654,-0.09779828566298363
0.0,0.0,0.0,-0.21198734363803748,-0.8334974030371531,-0.052534306000233316,-0.07708981862703755,-1.2870452366963965,-0.0545654086999592,0.026561506698850157,-1.3811315986971138,-0.06773119185322025,0.12786482573683572,-1.3000677057606318,-0.08800904054958371,0.21791844920611597,-1.1304609952067082,-0.09885694122342183
0.0,0.0,0.0,-0.26049940213676037,-0.7940972698392719,-0.06413154271840196,-0.14641403967233763,-1.2739249744424954,-0.06632959335175112,-0.041097434713571315,-1.3797674728930658,-0.074785693857036,0.06308094246365768,-1.322076848111597,-0.09205481993122495,0.16245252264912144,-1.152874694519769,-0.10059706109277955
0.0,0.0,0.0,-0.37337897810727605,-0.7047192083684277,-0.06489381539213888,-0.31399562251844076,-1.208280812654562,-0.04613482820247206,-0.22178217538593867,-1.3548605390316437,-0.054511791507622885,-0.11584987606445568,-1.3403540495257389,-0.07456578845242355,-0.0017921208862405485,-1.2262932018988077,-0.08426540027310801
0.0,0.0,0.0,-0.43314031512482964,-0.6664594114474436,-0.025064821627409792,-0.41633568402083115,-1.1678502087733704,0.0748053571574964,-0.32163075636513083,-1.3315341792740514,0.02742106610115856,-0.21446684984659384,-1.3260954435045917,-0.021944852722438537,-0.08723380943752305,-1.245462244082167,-0.03676006980379464
0.0,0.0,0.0,-0.2908123535281362,-0.7705685650181584,-0.06232249354714632,-0.2104199158645011,-1.2487831205686,-0.0650610163470701,-0.10897899220411171,-1.3692164315128577,-0.07395799843742636,0.0017914909797499658,-1.3228016522222887,-0.08913284661281823,0.11272159357566487,-1.195249854378565,-0.09903298398149347
0.0,0.0,0.0,-0.19661143404169235,-0.8366014626290706,-0.0510732813978193,-0.046629220142286196,-1.2985226752426475,-0.055901641977287864,0.06485200756579695,-1.3797592989482994,-0.0729670512556212,0.15079753906487778,-1.2930428082116252,-0.09542915832365632,0.23158870365694403,-1.1212971718654947,-0.10773143416065557
0.0,0.0,0.0,-0.2761193572029124,-0.7834869684272112,-0.08625670893687676,-0.16770055557921945,-1.2565773809148122,-0.08378024345464621,-0.0721515777564106,-1.3746066683680838,-0.08236992144342044,0.017841381479658018,-1.3244437808100928,-0.09212611805987288,0.11461743061977651,-1.1777505639524233,-0.1008687147172873
0.0,0.0,0.0,-0.39889719377683736,-0.6836833603441846,-0.06853542660532107,-0.3579921456577351,-1.1864444928374107,-0.04258012749493527,-0.2664831490499628,-1.3483398137258058,-0.05363793409801726,-0.16304707819204484,-1.3404103896531072,-0.07759764395235315,-0.04064857104318582,-1.2336823788328417,-0.08821311369312683
0.0,0.0,0.0,-0.4221858790730059,-0.6543433582875217,-0.06957737528729771,-0.42116222707330997,-1.1648252283599747,-0.03844614419943543,-0.32302996138114776,-1.3417206084992261,-0.05570688130700186,-0.2134809916483717,-1.3323968167154165,-0.07992279555629629,-0.08559243485173518,-1.2397080748492872,-0.09139537205834389
